year,position,state,endorser,endorsee,endorser party,source,order,category,points
2017,representative,MD,David Trone,John Delaney,D,https://twitter.com/davidjtrone/status/890985957981401088,NA,Representatives,3
2019,governor,NY,Andrew Cuomo,Joe Biden,D,https://www.cnn.com/2019/01/02/politics/cuomo-biden-best-case-2020/index.html,NA,Governors,8
2019,senator,CA,Dianne Feinstein,Joe Biden,D,https://www.politico.com/story/2019/01/03/dianne-feinstein-2020-pick-joe-biden-1079024,NA,Senators,6
2019,senator,DE,Thomas R. Carper,Joe Biden,D,https://fox61.com/2019/01/08/will-he-or-wont-he-joe-biden-looms-over-the-2020-field/,NA,Senators,6
2019,mayor,TX,Ron Nirenberg,Julian Castro,NA,https://www.sacurrent.com/the-daily/archives/2019/01/12/former-san-antonio-mayor-julian-castro-launches-2020-presidential-bid-at-west-side-rally,6,Mayors,3
2019,DNC member,CA,Laphonza Butler,Kamala Harris,D,https://www.politico.com/states/california/story/2019/01/21/kamala-harris-launches-campaign-for-president-804259,NA,DNC members,1
2019,DNC member,DC,James J. Zogby,Bernie Sanders,D,https://twitter.com/jjz1600/status/1088974458885455872,NA,DNC members,1
2019,state treasurer,CA,Fiona Ma,Kamala Harris,D,https://twitter.com/fionama/status/1089623289872343040,22,Statewide officeholders,2
2019,lieutenant governor,CA,Eleni Kounalakis,Kamala Harris,D,https://twitter.com/EleniForCA/status/1089628133228109824,19,Statewide officeholders,2
2019,mayor,CA,Libby Schaaf,Kamala Harris,D,https://www.mercurynews.com/2019/01/27/kamala-harris-president-oakland-rally-campaign-kickoff/,43,Mayors,3
2019,mayor,CA,London Breed,Kamala Harris,D,https://www.politico.com/newsletters/california-playbook/2019/01/28/kamala-launches-on-her-home-turf-trump-renews-california-lie-newsom-intensifies-housing-battle-shutdown-victory-boosts-pelosi-data-privacy-20-fight-powers-up-382254,12,Mayors,3
2019,representative,CA,Ted Lieu,Kamala Harris,D,https://thehill.com/homenews/house/427255-ted-lieu-endorses-kamala-harris-for-president-she-embraces-the-future,NA,Representatives,3
2019,representative,CA,Nanette Diaz Barragán,Kamala Harris,D,https://twitter.com/Nanette4CA/status/1090386597604978689,NA,Representatives,3
2019,senator,NJ,Robert Menendez,Cory Booker,D,https://twitter.com/BobMenendezNJ/status/1091391811040567297,NA,Senators,6
2019,governor,NJ,Phil Murphy,Cory Booker,D,https://newjerseyglobe.com/fr/murphy-endorses-booker-presidential-bid/,NA,Governors,8
2019,DNC member,SC,Clay N. Middleton,Cory Booker,D,https://www.postandcourier.com/politics/cory-booker-makes-key-campaign-hires-in-south-carolina/article_b4381394-287b-11e9-8c77-8fbeeae31ac7.html,NA,DNC members,1
2019,past vice president,MN,Walter Mondale,Amy Klobuchar,D,https://wadenapj.com/news/government-and-politics/4567736-mondale-backs-klobuchar-bid-former-vp-likes-senators-chances,NA,Past presidents and vice presidents,10
2019,president pro tem,CA,Toni Atkins,Kamala Harris,D,https://www.politico.com/story/2019/02/07/kamala-harris-2020-california-endorsments-1157651,NA,State legislative leaders,2
2019,representative,MA,James McGovern,Elizabeth Warren,D,https://twitter.com/heatherscope/status/1093944117380419585?s=21,NA,Representatives,3
2019,president,MA,Karen Spilka,Elizabeth Warren,D,https://www.boston.com/news/politics/2019/02/09/elizabeth-warren-endorsements-2020,NA,State legislative leaders,2
2019,representative,MA,Joseph P. Kennedy III,Elizabeth Warren,D,https://www.bostonherald.com/2019/02/09/warren-confirms-2020-presidential-bid/,NA,Representatives,3
2019,representative,MA,Lori Trahan,Elizabeth Warren,D,https://www.bostonherald.com/2019/02/09/warren-confirms-2020-presidential-bid/,NA,Representatives,3
2019,senator,MA,Edward J. Markey,Elizabeth Warren,D,https://www.bostonherald.com/2019/02/09/warren-confirms-2020-presidential-bid/,NA,Senators,6
2019,state auditor,MN,Julie Blaha,Amy Klobuchar,D,https://twitter.com/julieblaha/status/1094683488203296768,106,Statewide officeholders,2
2019,lieutenant governor,MN,Peggy Flanagan,Amy Klobuchar,D,https://www.minnpost.com/national/2019/02/klobuchar-launches-2020-presidential-bid/,103,Statewide officeholders,2
2019,speaker,MN,Melissa Hortman,Amy Klobuchar,D,https://www.facebook.com/MelissaHortman/photos/a.749130508478704/2179548155436925/,NA,State legislative leaders,2
2019,representative,MN,Dean Phillips,Amy Klobuchar,D,https://twitter.com/deanbphillips/status/1094723519366221827,NA,Representatives,3
2019,representative,MN,Angie Craig,Amy Klobuchar,D,https://twitter.com/AngieCraigMN/status/1094711099998507015,NA,Representatives,3
2019,mayor,MN,Jacob Frey,Amy Klobuchar,D,https://www.minnpost.com/national/2019/02/klobuchar-launches-2020-presidential-bid/,44,Mayors,3
2019,senator,MN,Tina Smith,Amy Klobuchar,D,https://www.youtube.com/watch?v=EYXpQGKiZhM,NA,Senators,6
2019,governor,MN,Tim Walz,Amy Klobuchar,D,https://www.youtube.com/watch?v=EYXpQGKiZhM,NA,Governors,8
2019,representative,CA,Barbara Lee,Kamala Harris,D,https://www.cnn.com/2019/02/14/politics/kamala-harris-barbara-lee-cbc/index.html,NA,Representatives,3
2019,governor,CA,Gavin Newsom,Kamala Harris,D,https://www.politico.com/story/2019/02/15/gavin-newsom-endorses-kamala-harris-2020-1173317,NA,Governors,8
2019,lieutenant governor,VT,David Zuckerman,Bernie Sanders,D,https://twitter.com/DaveZuckermanVT/status/1097975870973755392,207,Statewide officeholders,2
2019,representative,VT,Peter Welch,Bernie Sanders,D,https://ktiv.com/2019/02/19/the-latest-sanders-calls-2020-bid-a-continuation-of-2016/,NA,Representatives,3
2019,senator,VT,Patrick J. Leahy,Bernie Sanders,D,https://www.apnews.com/0eede4a4a5be4e2280eb8904c6fd1a39,NA,Senators,6
2019,DNC member,TX,Emmy Ruiz,Kamala Harris,D,https://www.politico.com/story/2019/02/20/kamala-harris-2020-staff-1176679,NA,DNC members,1
2019,DNC member,DC,Larry Cohen,Bernie Sanders,D,https://www.independent.co.uk/voices/bernie-sanders-2020-election-campaign-trump-democrat-candidate-race-a8788596.html,NA,DNC members,1
2019,mayor,PR,Carmen Yulín Cruz,Bernie Sanders,D,https://twitter.com/CarmenYulinCruz/status/1098257728902819842,54,Mayors,3
2019,DNC member,OH,Nina Turner,Bernie Sanders,D,https://www.cleveland.com/politics/2019/02/former-ohio-sen-nina-turner-to-serve-as-co-chair-of-bernie-sanders-campaign.html,NA,DNC members,1
2019,DNC member,NJ,John Currie,Cory Booker,D,https://medium.com/@corybooker/50-nj-democrats-endorse-cory-booker-for-president-9eefb60c72d2,NA,DNC members,1
2019,lieutenant governor,NJ,Sheila Oliver,Cory Booker,D,https://medium.com/@corybooker/50-nj-democrats-endorse-cory-booker-for-president-9eefb60c72d2,134,Statewide officeholders,2
2019,president,NJ,Stephen Sweeney,Cory Booker,D,https://medium.com/@corybooker/50-nj-democrats-endorse-cory-booker-for-president-9eefb60c72d2,NA,State legislative leaders,2
2019,speaker,NJ,Craig Coughlin,Cory Booker,D,https://medium.com/@corybooker/50-nj-democrats-endorse-cory-booker-for-president-9eefb60c72d2,NA,State legislative leaders,2
2019,representative,NJ,Bonnie Watson Coleman,Cory Booker,D,https://medium.com/@corybooker/50-nj-democrats-endorse-cory-booker-for-president-9eefb60c72d2,NA,Representatives,3
2019,representative,NJ,Mikie Sherrill,Cory Booker,D,https://medium.com/@corybooker/50-nj-democrats-endorse-cory-booker-for-president-9eefb60c72d2,NA,Representatives,3
2019,representative,NJ,Donald Payne Jr.,Cory Booker,D,https://medium.com/@corybooker/50-nj-democrats-endorse-cory-booker-for-president-9eefb60c72d2,NA,Representatives,3
2019,representative,NJ,Bill Pascrell Jr.,Cory Booker,D,https://medium.com/@corybooker/50-nj-democrats-endorse-cory-booker-for-president-9eefb60c72d2,NA,Representatives,3
2019,representative,NJ,Albio Sires,Cory Booker,D,https://medium.com/@corybooker/50-nj-democrats-endorse-cory-booker-for-president-9eefb60c72d2,NA,Representatives,3
2019,representative,NJ,Frank Pallone Jr.,Cory Booker,D,https://medium.com/@corybooker/50-nj-democrats-endorse-cory-booker-for-president-9eefb60c72d2,NA,Representatives,3
2019,representative,NJ,Josh Gottheimer,Cory Booker,D,https://medium.com/@corybooker/50-nj-democrats-endorse-cory-booker-for-president-9eefb60c72d2,NA,Representatives,3
2019,representative,NJ,Andy Kim,Cory Booker,D,https://medium.com/@corybooker/50-nj-democrats-endorse-cory-booker-for-president-9eefb60c72d2,NA,Representatives,3
2019,representative,NJ,Jeff Van Drew,Cory Booker,R,https://medium.com/@corybooker/50-nj-democrats-endorse-cory-booker-for-president-9eefb60c72d2,NA,Representatives,3
2019,representative,NJ,Donald Norcross,Cory Booker,D,https://medium.com/@corybooker/50-nj-democrats-endorse-cory-booker-for-president-9eefb60c72d2,NA,Representatives,3
2019,representative,CA,Ro Khanna,Bernie Sanders,D,https://www.sfchronicle.com/politics/article/Bernie-Sanders-enlists-Ro-Khanna-for-presidential-13635537.php,NA,Representatives,3
2019,superintendent of public instruction,CA,Tony Thurmond,Kamala Harris,D,https://www.politico.com/amp/story/2019/02/26/kamala-harris-california-1186389,25,Statewide officeholders,2
2019,insurance commissioner,CA,Ricardo Lara,Kamala Harris,D,https://www.politico.com/amp/story/2019/02/26/kamala-harris-california-1186389,24,Statewide officeholders,2
2019,secretary of state,CA,Alex Padilla,Kamala Harris,D,https://www.politico.com/amp/story/2019/02/26/kamala-harris-california-1186389,20,Statewide officeholders,2
2019,senator,DE,Christopher A. Coons,Joe Biden,D,https://www.breitbart.com/clips/2019/02/26/coons-i-absolutely-will-endorse-biden-if-he-runs/,NA,Senators,6
2019,representative,CA,Juan Vargas,John Delaney,D,https://twitter.com/danielmarans/status/1100868238085406720,NA,Representatives,3
2019,representative,CA,Julia Brownley,Kamala Harris,D,https://www.nbclosangeles.com/news/local/Rep-Julia-Brownley-Endorses-Kamala-Harris-for-President-506459851.html,NA,Representatives,3
2019,attorney general,WA,Bob Ferguson,Jay Inslee,D,https://www.thestranger.com/slog/2019/03/01/39403537/jay-inslee-announces-his-run-for-president,216,Statewide officeholders,2
2019,representative,WA,Rick Larsen,Jay Inslee,D,https://www.seattlepi.com/local/politics/article/Inslee-Running-president-climate-change-campaign-13656077.php,NA,Representatives,3
2019,attorney general,DC,Karl Racine,Kamala Harris,D,https://www.washingtonpost.com/local/dc-politics/dc-attorney-general-karl-racine-endorses-kamala-harris-for-president/2019/03/07/bd43b860-40e2-11e9-9361-301ffb5bd5e6_story.html?utm_term=.4ebee8be575d,236,Statewide officeholders,2
2019,mayor,CA,Darrell Steinberg,Kamala Harris,D,https://www.mercurynews.com/2019/03/07/kamala-harris-california-mayors-liccardo-breed-endorsement/,33,Mayors,3
2019,mayor,CO,Michael Hancock,John Hickenlooper,D,https://www.cnn.com/2019/03/07/politics/hickenlooper-2020-launch/index.html,18,Mayors,3
2019,representative,TX,Veronica Escobar,Beto O'Rourke,D,https://www.texastribune.org/2019/03/14/beto-orourke-4-members-congress-endorse-within-hours/,NA,Representatives,3
2019,representative,FL,Stephanie Murphy,Beto O'Rourke,D,https://twitter.com/SMurphyCongress/status/1106234016477446145?s=19,NA,Representatives,3
2019,representative,NY,Carolyn Maloney,Kirsten Gillibrand,D,https://twitter.com/carolynbmaloney/status/1107390398459248640?s=21,NA,Representatives,3
2019,DNC member,CA,Susie A. Shannon,Bernie Sanders,D,https://projects.fivethirtyeight.com/endorsements-2020-data/susie_shannon_endorsement.png,NA,DNC members,1
2019,former DNC chair,MA,Steven Grossman,Pete Buttigieg,D,https://www.bostonglobe.com/metro/2019/04/11/buttigieg-campaign-getting-massachusetts-boost-from-grossman/lIQcax0i192wQlJoTxikqO/story.html,NA,Former party leaders,5
2019,DNC member,NJ,Bernadette P. McPherson,Cory Booker,D,https://newjerseyglobe.com/national/two-dnc-members-endorse-booker/,NA,DNC members,1
2019,DNC member,NJ,John Graham,Cory Booker,D,https://newjerseyglobe.com/national/two-dnc-members-endorse-booker/,NA,DNC members,1
2019,DNC member,OH,Nan Whaley,Pete Buttigieg,D,https://www.daytondailynews.com/news/local/dayton-mayor-nan-whaley-endorses-pete-buttigieg-for-president/MmyzVi4dDvKgpvuxJramKP/,NA,DNC members,1
2019,mayor,TX,Steve Adler,Pete Buttigieg,D,https://www.kvue.com/article/news/politics/mayor-adler-endorses-pete-buttigieg-for-2020-democratic-run/269-613c4b0e-20ac-4891-80a6-37c7188e266b,10,Mayors,3
2019,DNC member,MI,Michelle Deatrick,Bernie Sanders,D,https://www.detroitnews.com/story/news/politics/2019/04/19/early-presidential-fundraising-michigan-donors/3505825002/,NA,DNC members,1
2019,DNC member,MA,Kate Donaghue,Elizabeth Warren,D,https://projects.fivethirtyeight.com/endorsements-2020-data/kate_donaghue_endorsement.png,NA,DNC members,1
2019,representative,MA,Stephen F. Lynch,Joe Biden,D,https://twitter.com/hillarychabot/status/1120345230455255041,NA,Representatives,3
2019,former DNC chair,PA,Ed Rendell,Joe Biden,D,https://www.post-gazette.com/news/politics-local/2019/04/22/Joe-Biden-plans-Pittsburgh-rally-presidential-announcement-candidacy-Democrat/stories/201904220086?utm_medium=social&utm_source=twitter_PittsburghPG,NA,Former party leaders,5
2019,representative,VA,Don Beyer,Pete Buttigieg,D,https://www.washingtonpost.com/local/virginia-politics/buttigieg-gets-first-endorsement-from-member-of-congress-rep-don-beyer-of-va/2019/04/24/8f42be3c-66c3-11e9-8985-4cf30147bdca_story.html?utm_term=.7efcd3bf07bf,NA,Representatives,3
2019,representative,PA,Matt Cartwright,Joe Biden,D,http://www.politicspa.com/boyle-cartwright-and-evans-back-biden/91028/,NA,Representatives,3
2019,DNC member,DC,Symone Sanders,Joe Biden,D,https://apnews.com/2572f844ea074460a2f95243c433f9bc,NA,DNC members,1
2019,DNC member,DC,Cristobal J. Alex,Joe Biden,D,https://twitter.com/cristobaljalex/status/1121364035528687616?s=21,NA,DNC members,1
2019,attorney general,DE,Kathy Jennings,Joe Biden,D,https://www.facebook.com/149727352405928/posts/323362398375755?s=100000461722748&v=i&sfns=mo,36,Statewide officeholders,2
2019,representative,PA,Dwight Evans,Joe Biden,D,http://www.politicspa.com/boyle-cartwright-and-evans-back-biden/91028/,NA,Representatives,3
2019,representative,PA,Brendan Boyle,Joe Biden,D,https://twitter.com/lauraolson/status/1121449705102348289,NA,Representatives,3
2019,representative,NY,Thomas Suozzi,Joe Biden,D,https://twitter.com/Tom_Suozzi/status/1121379897874767874,NA,Representatives,3
2019,representative,LA,Cedric Richmond,Joe Biden,D,https://www.vox.com/policy-and-politics/2019/4/28/18521515/joe-biden-support-electability-cedric-richmond-james-clyburn-anita-hill,NA,Representatives,3
2019,representative,DE,Lisa Blunt Rochester,Joe Biden,D,https://twitter.com/benyc/status/1121369759550005249?s=19,NA,Representatives,3
2019,senator,PA,Robert P. Casey Jr.,Joe Biden,D,https://twitter.com/JTHVerhovek/status/1121363322526470144,NA,Senators,6
2019,senator,AL,Doug Jones,Joe Biden,D,https://twitter.com/dougjones/status/1121381353117843456,NA,Senators,6
2019,governor,DE,John Carney,Joe Biden,D,https://www.instagram.com/p/Bwri44glSkb/,NA,Governors,8
2019,past presidential nominee,MA,Michael Dukakis,Elizabeth Warren,D,https://www.wbur.org/news/2019/04/26/dukakis-biden-2020-campaign,8,Past nominees,5
2019,representative,VA,A. Donald McEachin,Joe Biden,D,https://www.usatoday.com/story/news/politics/2019/05/03/2020-candidates-courting-congressional-black-caucus-members/3645701002/,NA,Representatives,3
2019,state controller,NV,Catherine Byrne,Elizabeth Warren,D,https://twitter.com/meganmesserly/status/1127732368779800576,133,Statewide officeholders,2
2019,representative,TX,Filemon Vela,Joe Biden,D,https://twitter.com/heatherscope/status/1128390149115666433,NA,Representatives,3
2019,former U.S. Senate majority leader,SD,Tom Daschle,Joe Biden,D,https://www.cnbc.com/video/2019/05/20/a-lot-of-promise-in-cannabis-says-former-senate-majority-leader-tom-daschle.html,NA,Former party leaders,5
2019,representative,WA,Kim Schrier,Jay Inslee,D,https://twitter.com/ZachMontellaro/status/1141475723812757504,NA,Representatives,3
2019,speaker,CA,Anthony Rendon,Kamala Harris,D,https://twitter.com/RendonAnthony/status/1134095064861331457,NA,State legislative leaders,2
2019,representative,FL,Al Lawson,Joe Biden,D,https://www.politico.com/story/2019/05/30/joe-biden-congressional-endorsements-1347598,NA,Representatives,3
2019,senator,MT,Jon Tester,Steve Bullock,D,https://www.cbsnews.com/news/steve-bullock-endorsed-by-jon-tester-fellow-montana-democrat/,NA,Senators,6
2019,DNC member,NJ,George E. Norcross III,Cory Booker,D,https://newjerseyglobe.com/national/george-norcross-to-host-cory-booker-fundraiser/,NA,DNC members,1
2019,representative,CA,Jim Costa,Kamala Harris,D,https://www.fresnobee.com/news/local/article231649843.html,NA,Representatives,3
2019,representative,WA,Derek Kilmer,Jay Inslee,D,https://twitter.com/ZachMontellaro/status/1142098852910178304,NA,Representatives,3
2019,representative,TX,Al Green,Kamala Harris,D,https://www.politico.com/story/2019/06/20/al-green-endorses-kamala-harris-1372602,NA,Representatives,3
2019,representative,FL,Alcee L. Hastings,Kamala Harris,D,https://www.cnn.com/2019/06/21/politics/kamala-harris-endorsed-by-alcee-hastings/index.html,NA,Representatives,3
2019,representative,MO,William Lacy Clay Jr.,Kamala Harris,D,https://www.cnn.com/2019/06/25/politics/kamala-harris-william-lacy-clay-endorse-black-caucus/index.html,NA,Representatives,3
2019,DNC member,IA,Jan M. Bauer,Steve Bullock,D,https://www.politico.com/story/2019/06/26/steve-bullock-iowa-endorsement-1383638,NA,DNC members,1
2019,DNC member,MI,Barry J. Goodman,Joe Biden,D,https://twitter.com/tmservo433/status/1144609060723077121,NA,DNC members,1
2019,attorney general,MN,Keith Ellison,Bernie Sanders,D,https://twitter.com/keithellison/status/1144580524092067840,105,Statewide officeholders,2
2019,representative,MN,Collin C. Peterson,Amy Klobuchar,D,http://www.startribune.com/keith-ellison-endorses-bernie-sanders-for-president-again/511959892/?refresh=true,NA,Representatives,3
2019,mayor,GA,Keisha Lance Bottoms,Joe Biden,D,https://abcnews.go.com/Politics/wireStory/biden-nabs-2020-endorsement-atlanta-mayor-bottoms-64012750,36,Mayors,3
2019,representative,IL,Bobby L. Rush,Kamala Harris,D,https://apnews.com/d5fb5fce21314a87b2e7d771475aed3a,NA,Representatives,3
2019,representative,FL,Frederica Wilson,Kamala Harris,D,https://apnews.com/d5fb5fce21314a87b2e7d771475aed3a,NA,Representatives,3
2019,governor,CT,Ned Lamont,Joe Biden,D,https://www.courant.com/politics/hc-pol-lamont-endorses-biden-20190702-mtds3jf2n5ct3ngxoekezamzue-story.html,NA,Governors,8
2019,representative,CT,Jahana Hayes,Kamala Harris,D,https://www.essence.com/op-ed/jahana-hayes-endorses-kamala-harris-president/,NA,Representatives,3
2019,minority leader,GA,Robert Trammell,Kamala Harris,D,https://www.ajc.com/blog/politics/top-georgia-house-democrat-picks-harris-2020-race/lEXtAE1Gqr7LAn6RlmktqJ/,NA,State legislative leaders,2
2019,minority leader,TN,Jeff Yarbro,Pete Buttigieg,D,https://www.tennessean.com/story/news/politics/2019/07/17/mayor-pete-buttigieg-nashville-democrat-jeff-yarbro-announces-endorsement/1749874001/,NA,State legislative leaders,2
2019,former U.S. House Democratic whip,MI,David Bonior,Elizabeth Warren,D,https://twitter.com/nsroka/status/1153095256214253573,NA,Former party leaders,5
2019,DNC member,VA,Leopoldo J. Martinez,Joe Biden,D,https://www.cnn.com/videos/spanish/2019/07/22/joe-biden-candidato-elecciones-eeuu-que-propone-economa-leopoldo-martinez-entrevista-rodriguez-dinero.cnn,NA,DNC members,1
2019,representative,TX,Eddie Bernice Johnson,Joe Biden,D,https://www.politico.com/story/2019/07/22/biden-congressional-black-caucus-endorsement-1425686,NA,Representatives,3
2019,mayor,MI,Mike Duggan,Joe Biden,D,https://apnews.com/5ecbbd420f8541a3a93a733817fa7ed8,21,Mayors,3
2019,DNC member,VT,Mary M. Sullivan,Bernie Sanders,D,https://twitter.com/JTHVerhovek/status/1153757689673060357,NA,DNC members,1
2019,state auditor,VT,Doug Hoffer,Bernie Sanders,D,https://twitter.com/JTHVerhovek/status/1153757689673060357,211,Statewide officeholders,2
2019,state treasurer,VT,Beth Pearce,Bernie Sanders,D,https://twitter.com/JTHVerhovek/status/1153757689673060357,210,Statewide officeholders,2
2019,attorney general,VT,T.J. Donovan,Bernie Sanders,D,https://twitter.com/JTHVerhovek/status/1153757689673060357,209,Statewide officeholders,2
2019,president pro tem,VT,Tim Ashe,Bernie Sanders,D,https://twitter.com/JTHVerhovek/status/1153757689673060357,NA,State legislative leaders,2
2019,representative,IL,Danny K. Davis,Kamala Harris,D,https://www.politico.com/newsletters/illinois-playbook/2019/07/29/lightfoots-dinner-with-kamala-alaina-hampton-speaks-out-weekend-wedding-with-pix-462365,NA,Representatives,3
2019,DNC member,TN,William Owen,Joe Biden,D,https://www.tennessean.com/story/news/politics/2019/07/29/joe-biden-2020-former-vp-releases-tennessee-endorsement-list/1854813001/,NA,DNC members,1
2019,representative,NM,Debra A. Haaland,Elizabeth Warren,D,https://twitter.com/AlxThomp/status/1156198339047809024,NA,Representatives,3
2019,representative,MI,Andy Levin,Elizabeth Warren,D,https://twitter.com/AlxThomp/status/1156198339047809024,NA,Representatives,3
2019,representative,MA,Katherine Clark,Elizabeth Warren,D,https://twitter.com/AlxThomp/status/1156198339047809024,NA,Representatives,3
2019,representative,AZ,Raul Grijalva,Elizabeth Warren,D,https://twitter.com/AlxThomp/status/1156198339047809024,NA,Representatives,3
2019,DNC member,WI,Khary Penebaker,Cory Booker,D,https://www.jsonline.com/story/news/politics/elections/2019/08/01/cory-booker-coming-milwaukees-sherman-park-aug-11/1882614001/,NA,DNC members,1
2019,representative,MI,Brenda Lawrence,Kamala Harris,D,https://www.detroitnews.com/story/news/politics/2019/08/01/rep-lawrence-endorses-kamala-harris-president/1886973001/,NA,Representatives,3
2019,minority leader,ND,Josh Boschee,Pete Buttigieg,D,https://www.grandforksherald.com/news/government-and-politics/4324749-Some-N.D.-Democrats-eye-favored-candidates-in-crowded-presidential-field,NA,State legislative leaders,2
2019,state treasurer,IL,Mike Frerichs,Elizabeth Warren,D,https://frerichsforillinois.com/illinois-state-treasurer-michael-frerichs-endorses-elizabeth-warren/,61,Statewide officeholders,2
2019,representative,OH,Marcia L. Fudge,Kamala Harris,D,https://www.cleveland.com/open/2019/08/rep-marcia-fudge-endorses-sen-kamala-harris-for-president.html,NA,Representatives,3
2019,representative,CA,J. Luis Correa,Joe Biden,D,https://www.ocregister.com/2019/08/22/rep-lou-correa-endorses-joe-biden-for-president/,NA,Representatives,3
2019,DNC member,MO,Curtis Wylde,Bernie Sanders,D,https://twitter.com/curtiswylde/status/1167939815490211840,NA,DNC members,1
2019,president,ME,Troy Jackson,Bernie Sanders,D,https://www.youtube.com/watch?v=AfBmT0msJ6g&feature=youtu.be&t=575,NA,State legislative leaders,2
2019,representative,MD,Jamie Raskin,Elizabeth Warren,D,https://thekojonnamdishow.org/shows/2019-09-06/the-politics-hour-september-6-2019,NA,Representatives,3
2019,DNC member,FL,Nikki Ford Barnes,Cory Booker,D,https://twitter.com/DemNikkiBarnes/status/1172343471853772802,NA,DNC members,1
2019,attorney general,MA,Maura Healey,Elizabeth Warren,D,https://twitter.com/maura_healey/status/1172210264151773185,97,Statewide officeholders,2
2019,Democratic caucus chairman,MS,Derrick T. Simmons,Joe Biden,D,https://mississippitoday.org/2019/09/12/joe-biden-receives-2020-endorsement-from-eight-african-american-mississippi-lawmakers/,NA,State legislative leaders,2
2019,representative,AZ,Ruben Gallego,Kamala Harris,D,https://www.azcentral.com/story/news/politics/arizona/2019/09/12/rep-ruben-gallego-backs-sen-kamala-harris-bid-president/2296242001/,NA,Representatives,3
2019,representative,TX,Vicente Gonzalez,Joe Biden,D,https://www.politico.com/story/2019/09/15/texas-congressman-castro-biden-endorsement-1496180,NA,Representatives,3
2019,state treasurer,IA,Michael Fitzgerald,Elizabeth Warren,D,https://www.apnews.com/c3c2baefc7e247e8ac58fc1959945a74,72,Statewide officeholders,2
2019,mayor,OH,John Cranley,Pete Buttigieg,D,https://www.usatoday.com/story/opinion/voices/2019/09/18/mayor-pete-buttigieg-south-bend-indiana-mayors-endorse-column/2350438001/,65,Mayors,3
2019,representative,NC,G.K. Butterfield,Joe Biden,D,https://twitter.com/scottwongDC/status/1174748571456983043?s=19,NA,Representatives,3
2019,representative,MO,Emanuel Cleaver,Joe Biden,D,https://twitter.com/scottwongDC/status/1174748571456983043?s=19,NA,Representatives,3
2019,representative,FL,Charlie Crist,Joe Biden,D,https://twitter.com/scottwongDC/status/1174748571456983043?s=19,NA,Representatives,3
2019,DNC member,NV,Alex Goff,Elizabeth Warren,D,https://twitter.com/meganmesserly/status/1182348991763116032,NA,DNC members,1
2019,minority leader,MN,Tom Bakk,Amy Klobuchar,D,https://blog.4president.org/2020/2019/10/more-than-70-federal-state-and-local-elected-officials-from-minnesota-endorse-us-senator-amy-klobuch.html,NA,State legislative leaders,2
2019,representative,MN,Betty McCollum,Amy Klobuchar,D,https://blog.4president.org/2020/2019/10/more-than-70-federal-state-and-local-elected-officials-from-minnesota-endorse-us-senator-amy-klobuch.html,NA,Representatives,3
2019,representative,MN,Ilhan Omar,Bernie Sanders,D,https://twitter.com/NYTnickc/status/1184310148191473666,NA,Representatives,3
2019,former DNC chair,CT,Chris Dodd,Joe Biden,D,https://www.courant.com/politics/hc-pol-dodd-endorses-biden-20191018-4kxzivowffhhbo4vhlwzmr6i2y-story.html,NA,Former party leaders,5
2019,representative,NY,Alexandria Ocasio-Cortez,Bernie Sanders,D,https://www.cbsnews.com/news/alexandria-ocasio-cortez-to-endorse-bernie-sanders-queens-rally-democratic-primary-2019-10-19/,NA,Representatives,3
2019,DNC member,CO,Terry L. Tucker,Bernie Sanders,D,https://www.coloradopolitics.com/quick-hits/bernie-sanders-wins-endorsements-from-colorado-progressives/article_cba31ef4-f4e8-11e9-8a4a-b3464e40294f.html,NA,DNC members,1
2019,DNC member,CO,Jeri D. Shepherd,Bernie Sanders,D,https://www.coloradopolitics.com/quick-hits/bernie-sanders-wins-endorsements-from-colorado-progressives/article_cba31ef4-f4e8-11e9-8a4a-b3464e40294f.html,NA,DNC members,1
2019,mayor,PA,James F. Kenney,Elizabeth Warren,D,https://twitter.com/JimFKenney/status/1186945479919177728,5,Mayors,3
2019,representative,CA,Katie Porter,Elizabeth Warren,D,https://twitter.com/katieporteroc/status/1188193604226797568,NA,Representatives,3
2019,representative,MI,Rashida Tlaib,Bernie Sanders,D,https://twitter.com/BernieSanders/status/1188575246737121280,NA,Representatives,3
2019,DNC member,TX,Jose R. Rodriguez,Julian Castro,D,https://www.texastribune.org/2019/11/05/julian-castro-gets-support-texas-lawmakers-who-backed-beto-orourke/,NA,DNC members,1
2019,speaker pro tem,TX,Joe Moody,Julian Castro,D,https://www.texastribune.org/2019/11/05/julian-castro-gets-support-texas-lawmakers-who-backed-beto-orourke/,NA,State legislative leaders,2
2019,former DNC chair,CO,Roy Romer,Michael Bennet,D,https://michaelbennet.com/wp-content/uploads/2019/11/Educators_for_Bennet_11_05_19.pdf,NA,Former party leaders,5
2019,representative,MA,Ayanna Pressley,Elizabeth Warren,D,https://www.nytimes.com/2019/11/06/us/politics/ayanna-pressley-endorses-elizabeth-warren.html,NA,Representatives,3
2019,representative,TX,Marc Veasey,Joe Biden,D,https://www.politico.com/news/2019/11/07/joe-biden-marc-veasey-endorsement-067079,NA,Representatives,3
2019,Former 2020 candidate,OH,Tim Ryan,Joe Biden,D,https://www.cleveland.com/open/2019/11/rep-tim-ryan-endorses-joe-bidens-presidential-run.html,NA,Candidates who have dropped out,5
2019,representative,OR,Kurt Schrader,Joe Biden,D,https://www.kgw.com/article/news/politics/joe-biden-arrives-portland-private-fundraiser-president/283-f2243140-2c51-4c49-a053-b8f9374f6e48,NA,Representatives,3
2019,DNC member,TX,Celina Vasquez,Julian Castro,D,https://blog.4president.org/2020/2019/11/third-dnc-member-six-state-lawmakers-among-14-leaders-endorsing-juli%C3%A1n-castro.html,NA,DNC members,1
2019,DNC member,GA,Ted Terry,Bernie Sanders,D,https://twitter.com/tedterry1/status/1197562865831546880,NA,DNC members,1
2019,delegate,VI,Stacey E. Plaskett,Kamala Harris,D,https://blog.4president.org/2020/2019/11/congresswoman-stacey-plaskett-becomes-eleventh-cbc-member-to-endorse-kamala-harris.html,NA,Representatives,3
2019,representative,CA,Salud Carbajal,Kamala Harris,D,https://www.politico.com/news/2019/11/22/harris-lands-4th-hispanic-caucus-endorsement-072897,NA,Representatives,3
2019,mayor,KY,Greg Fischer,Michael Bloomberg,D,https://www.courier-journal.com/story/news/politics/metro-government/2019/11/24/louisville-mayor-greg-fischer-backs-michael-bloomberg-running-president/4290449002/,27,Mayors,3
2019,representative,NV,Dina Titus,Joe Biden,D,https://twitter.com/dinatitus/status/1198960490266808326,NA,Representatives,3
2019,representative,IN,Peter Visclosky,Pete Buttigieg,D,https://www.indystar.com/story/news/politics/elections/2019/11/25/u-s-rep-pete-visclosky-endorses-pete-buttigieg-president-democratic-primary/4296783002/,NA,Representatives,3
2019,DNC member,CA,Kerman Maddox,Joe Biden,D,https://blog.4president.org/2020/2019/11/21-california-state-legislators-and-community-leaders-endorse-joe-biden-for-president.html,NA,DNC members,1
2019,minority leader,FL,Audrey Gibson,Joe Biden,D,https://www.politico.com/states/florida/story/2019/11/26/biden-wins-endorsement-of-top-florida-democrat-1229814,NA,State legislative leaders,2
2019,representative,NY,Kathleen Rice,Pete Buttigieg,D,https://www.cnn.com/2019/11/26/politics/pete-buttigieg-kathleen-rice-endorsement/index.html,NA,Representatives,3
2019,representative,IL,Jan Schakowsky,Elizabeth Warren,D,https://www.chicagotribune.com/politics/ct-elizabeth-warren-chicago-rally-20191130-iany6w3rvrflvmnf3ralusmvde-story.html,NA,Representatives,3
2019,representative,CA,John Garamendi,Joe Biden,D,https://blog.4president.org/2020/2019/11/california-congressman-john-garamendi-endorses-joe-biden-for-president.html,NA,Representatives,3
2019,representative,CA,Ami Bera,Joe Biden,D,https://www.sacbee.com/news/politics-government/capitol-alert/article237962089.html,NA,Representatives,3
2019,DNC member,PR,Maria E. Melendez Altieri,Joe Biden,D,https://blog.4president.org/2020/2019/12/joe-biden-picks-up-puerto-rican-endorsements.html,NA,DNC members,1
2019,past presidential nominee,MA,John Kerry,Joe Biden,D,https://www.desmoinesregister.com/story/news/elections/presidential/caucus/2019/12/05/john-kerry-campaign-iowa-joe-biden-after-making-endorsement-2020-iowa-caucuses/2617918001/,4,Past nominees,5
2019,Former 2020 candidate,CO,John Hickenlooper,Michael Bennet,D,https://apnews.com/2cb807d5971c91534cf488d38571b462,NA,Candidates who have dropped out,5
2019,attorney general,CO,Phil Weiser,Michael Bennet,D,https://michaelbennet.com/resources/,28,Statewide officeholders,2
2019,secretary of state,CT,Denise Merrill,Elizabeth Warren,D,https://www.middletownpress.com/middletown/article/Denise-Merrill-endorses-Warren-citing-election-14891796.php,31,Statewide officeholders,2
2019,mayor,CA,Sam Liccardo,Michael Bloomberg,D,https://www.mikebloomberg.com/news/san-jose-mayor-sam-liccardo-endorses-mike-bloomberg-is-named-california-co-chair-of-2020-campaign-2,9,Mayors,3
2019,mayor,CA,Michael D. Tubbs,Michael Bloomberg,D,https://www.sfchronicle.com/politics/article/Mike-Bloomberg-wins-key-backing-in-California-and-14897154.php,57,Mayors,3
2019,DNC member,CA,Bob Mulholland,Joe Biden,D,https://twitter.com/ccadelago/status/1204770998844829696,NA,DNC members,1
2019,lieutenant governor,RI,Dan McKee,Joe Biden,D,https://blog.4president.org/2020/2019/12/rhode-island-leaders-endorse-joe-biden-for-president.html,181,Statewide officeholders,2
2019,representative,CA,Lucille Roybal-Allard,Joe Biden,D,https://twitter.com/JTHVerhovek/status/1205565744953643009,NA,Representatives,3
2019,mayor,MN,Melvin Carter,Amy Klobuchar,D,https://twitter.com/amandawgolden/status/1206916251685142529,59,Mayors,3
2019,speaker,NH,Steve Shurtleff,Joe Biden,D,https://twitter.com/chrisdonato04/status/1207373446545588224,NA,State legislative leaders,2
2019,DNC member,TX,Carla Brailey,Michael Bloomberg,D,https://www.mcclatchydc.com/news/politics-government/election/article238540528.html,NA,DNC members,1
2019,DNC member,PA,Michael A. Nutter,Michael Bloomberg,D,https://www.inquirer.com/news/mayor-michael-nutter-endorses-michael-bloomberg-campaign-chair-2020-democrats-20191220.html,NA,DNC members,1
2019,DNC member,DC,Keith Michael Harper,Pete Buttigieg,D,https://www.usatoday.com/story/news/politics/elections/2019/12/23/election-2020-pete-buttigieg-gets-218-foreign-policy-endorsements/2712988001/,NA,DNC members,1
2019,representative,CA,Tony Cárdenas,Joe Biden,D,https://apnews.com/9844e81c03dbf3623b1944e7adc9de1c,NA,Representatives,3
2020,DNC member,MI,Mark LaChey,Pete Buttigieg,D,https://twitter.com/GeorgeHornedo/status/1212457740469198849,NA,DNC members,1
2020,representative,IA,Abby Finkenauer,Joe Biden,D,https://twitter.com/IAStartingLine/status/1212716275794878465,NA,Representatives,3
2020,DNC member,DC,Jeff Berman,Tom Steyer,D,https://blog.4president.org/2020/2020/01/tom-steyer-campaign-hires-jeff-berman-as-senior-adviser.html,NA,DNC members,1
2020,representative,VA,Elaine Luria,Joe Biden,D,https://www.inquirer.com/news/joe-biden-endorsement-chrissy-houlahan-conor-lamb-pennsylvania-swing-districts-democrats-primary-2020-20200106.html,NA,Representatives,3
2020,representative,PA,Conor Lamb,Joe Biden,D,https://www.inquirer.com/news/joe-biden-endorsement-chrissy-houlahan-conor-lamb-pennsylvania-swing-districts-democrats-primary-2020-20200106.html,NA,Representatives,3
2020,representative,PA,Chrissy Houlahan,Joe Biden,D,https://www.inquirer.com/news/joe-biden-endorsement-chrissy-houlahan-conor-lamb-pennsylvania-swing-districts-democrats-primary-2020-20200106.html,NA,Representatives,3
2020,Former 2020 candidate,TX,Julian Castro,Elizabeth Warren,D,https://twitter.com/JulianCastro/status/1214188178686525440,NA,Candidates who have dropped out,5
2020,DNC member,MO,Megan E. Green,Bernie Sanders,D,https://twitter.com/MeganEllyia/status/1215008411861037056?s=20,NA,DNC members,1
2020,DNC member,NH,Martha Fuller Clark,Joe Biden,D,https://twitter.com/AdamSextonWMUR/status/1215305477992730624,NA,DNC members,1
2020,DNC member,NV,Allison A. Stephens,Elizabeth Warren,D,https://twitter.com/meganmesserly/status/1215318274952454144,NA,DNC members,1
2020,representative,MD,Anthony Brown,Pete Buttigieg,D,https://www.washingtonpost.com/politics/pete-buttigieg-wins-first-endorsement-from-a-black-member-of-congress/2020/01/08/dc4de64e-3179-11ea-a053-dc6d944ba776_story.html,NA,Representatives,3
2020,mayor,CA,Robert Garcia,Joe Biden,D,https://www.presstelegram.com/2020/01/09/mayor-robert-garcia-endorses-joe-biden-ahead-of-planned-visit-to-long-beach/,37,Mayors,3
2020,mayor,CA,Eric Garcetti,Joe Biden,D,https://www.latimes.com/politics/story/2020-01-09/eric-garcetti-endorses-joe-biden-for-president,1,Mayors,3
2020,DNC member,CA,Alexandra Gallardo Rooker,Michael Bloomberg,D,https://apnews.com/f29d38b451889b7df31eadebf1eca6fa,NA,DNC members,1
2020,mayor,TN,Jim Strickland,Michael Bloomberg,D,https://www.commercialappeal.com/story/news/2020/01/10/memphis-mayor-jim-strickland-endorses-mike-bloomberg-president/4434861002/,23,Mayors,3
2020,representative,IA,David Loebsack,Pete Buttigieg,D,https://www.desmoinesregister.com/story/news/elections/presidential/caucus/2020/01/12/congressman-dave-loebsack-endorses-democrat-pete-buttigieg-president-iowa-caucuses-second-district/4444427002/,NA,Representatives,3
2020,attorney general,IA,Tom Miller,Joe Biden,D,https://www.desmoinesregister.com/story/news/elections/presidential/caucus/2020/01/13/iowa-attorney-general-tom-miller-endorses-joe-biden-president-2020-iowa-caucuses/4449485002/,71,Statewide officeholders,2
2020,representative,TX,Colin Allred,Joe Biden,D,https://www.dallasnews.com/news/politics/2020/01/13/congressman-colin-allred-backs-joe-biden-for-president-in-front-of-dallas-visit/,NA,Representatives,3
2020,representative,NY,Sean Patrick Maloney,Joe Biden,D,https://www.recordonline.com/news/20200113/maloney-endorses-biden-for-president,NA,Representatives,3
2020,representative,NY,Max N. Rose,Michael Bloomberg,D,https://www.wsj.com/articles/michael-bloomberg-gets-first-endorsement-from-member-of-congress-11578936854,NA,Representatives,3
2020,representative,TX,Joaquin Castro,Elizabeth Warren,D,https://twitter.com/BenjaminEW/status/1217114150087860229,NA,Representatives,3
2020,representative,NJ,Tom Malinowski,Joe Biden,D,https://www.insidernj.com/malinowski-endorses-joe-biden/,NA,Representatives,3
NA,DNC member,NY,Christine Quinn,NA,D,NA,NA,DNC members,1
NA,DNC member,IN,John C. Zody,NA,D,NA,NA,DNC members,1
NA,DNC member,IN,S. Anthony Long,NA,D,NA,NA,DNC members,1
NA,DNC member,IN,Cordelia M. Lewis-Burks,NA,D,NA,NA,DNC members,1
NA,DNC member,IN,Cindy S. Henry,NA,D,NA,NA,DNC members,1
NA,DNC member,IN,David a Frye,NA,D,NA,NA,DNC members,1
NA,DNC member,IL,Karen A. Yarbrough,NA,D,NA,NA,DNC members,1
NA,DNC member,IL,Becky Strezchowski,NA,D,NA,NA,DNC members,1
NA,DNC member,IL,Carol Ronen,NA,D,NA,NA,DNC members,1
NA,DNC member,IL,Jayne Mazzotti,NA,D,NA,NA,DNC members,1
NA,DNC member,IL,Iris Y. Martinez,NA,D,NA,NA,DNC members,1
NA,DNC member,IL,Daniel W. Hynes,NA,D,NA,NA,DNC members,1
NA,DNC member,IL,John J. Cullerton,NA,D,NA,NA,DNC members,1
NA,DNC member,IL,Jerry F. Costello,NA,D,NA,NA,DNC members,1
NA,DNC member,IL,Carrie Austin,NA,D,NA,NA,DNC members,1
NA,DNC member,ID,Jerry C. Shriner,NA,D,NA,NA,DNC members,1
NA,DNC member,ID,Jesse Maldonado,NA,D,NA,NA,DNC members,1
NA,DNC member,ID,Paulette Jordan,NA,D,NA,NA,DNC members,1
NA,DNC member,ID,Susan S. Eastlake,NA,D,NA,NA,DNC members,1
NA,DNC member,ID,Evangeline M. Beechler,NA,D,NA,NA,DNC members,1
NA,DNC member,HI,Kathleen G. Stanley,NA,D,NA,NA,DNC members,1
NA,DNC member,HI,Gary Hooser,NA,D,NA,NA,DNC members,1
NA,DNC member,HI,Bart E. Dame,NA,D,NA,NA,DNC members,1
NA,DNC member,GU,Taling Taitano,NA,D,NA,NA,DNC members,1
NA,DNC member,GU,Rory Respicio,NA,D,NA,NA,DNC members,1
NA,DNC member,GU,Regine Biscoe Lee,NA,D,NA,NA,DNC members,1
NA,DNC member,GU,Jon Junior Calvo,NA,D,NA,NA,DNC members,1
NA,DNC member,GA,Nikema Williams,NA,D,NA,NA,DNC members,1
NA,DNC member,GA,Pamela Stephenson,NA,D,NA,NA,DNC members,1
NA,DNC member,GA,Sally S. Rosser,NA,D,NA,NA,DNC members,1
NA,DNC member,GA,Richard A. Ray,NA,D,NA,NA,DNC members,1
NA,DNC member,GA,Sheikh M. Rahman,NA,D,NA,NA,DNC members,1
NA,DNC member,GA,Daniel J. Halpern,NA,D,NA,NA,DNC members,1
NA,DNC member,GA,Louis Elrod,NA,D,NA,NA,DNC members,1
NA,DNC member,GA,Wendy Davis,NA,D,NA,NA,DNC members,1
NA,DNC member,FL,Craig Smith,NA,D,NA,NA,DNC members,1
NA,DNC member,FL,Casmore Shaw,NA,D,NA,NA,DNC members,1
NA,DNC member,FL,Terrie Lorraine Rizzo,NA,D,NA,NA,DNC members,1
NA,DNC member,FL,John A. Ramos,NA,D,NA,NA,DNC members,1
NA,DNC member,FL,Judy C. Mount,NA,D,NA,NA,DNC members,1
NA,DNC member,FL,Maureen A. McKenna,NA,D,NA,NA,DNC members,1
NA,DNC member,FL,Shawn W. Kinsey,NA,D,NA,NA,DNC members,1
NA,DNC member,FL,Mikaela Guido,NA,D,NA,NA,DNC members,1
NA,DNC member,FL,Alma R. Gonzalez,NA,D,NA,NA,DNC members,1
NA,DNC member,FL,Ken N. Evans,NA,D,NA,NA,DNC members,1
NA,DNC member,FL,Alan R. Clendenin,NA,D,NA,NA,DNC members,1
NA,DNC member,FL,Briana L. Cartwright,NA,D,NA,NA,DNC members,1
NA,DNC member,FL,Grace Carrington,NA,D,NA,NA,DNC members,1
NA,DNC member,FL,Cynthia M. Busch,NA,D,NA,NA,DNC members,1
NA,DNC member,FL,Dwight Bullard,NA,D,NA,NA,DNC members,1
NA,DNC member,DC,Charles E. Wilson,NA,D,NA,NA,DNC members,1
NA,DNC member,DC,Rick C. Wade,NA,D,NA,NA,DNC members,1
NA,DNC member,DC,Lee A. Saunders,NA,D,NA,NA,DNC members,1
NA,DNC member,DC,Steve Regenstreif,NA,D,NA,NA,DNC members,1
NA,DNC member,DC,Carrie Pugh,NA,D,NA,NA,DNC members,1
NA,DNC member,DC,Carol J. Pensky,NA,D,NA,NA,DNC members,1
NA,DNC member,DC,Minyon Moore,NA,D,NA,NA,DNC members,1
NA,DNC member,DC,Silvia J. Martinez,NA,D,NA,NA,DNC members,1
NA,DNC member,DC,Claire Lucas,NA,D,NA,NA,DNC members,1
NA,DNC member,DC,Harold Ickes,NA,D,NA,NA,DNC members,1
NA,DNC member,DC,Linda L. Gray,NA,D,NA,NA,DNC members,1
NA,DNC member,DC,Lily L. Eskelsen Garcia,NA,D,NA,NA,DNC members,1
NA,DNC member,DC,Earl D. Fowlkes Jr.,NA,D,NA,NA,DNC members,1
NA,DNC member,DC,Jack Evans,NA,D,NA,NA,DNC members,1
NA,DNC member,DC,Joanne Dowdell,NA,D,NA,NA,DNC members,1
NA,DNC member,DC,Leah Daughtry,NA,D,NA,NA,DNC members,1
NA,DNC member,DC,J. David Cox,NA,D,NA,NA,DNC members,1
NA,DNC member,DC,Alexandra Chalupa,NA,D,NA,NA,DNC members,1
NA,DNC member,DC,Maria Cardona,NA,D,NA,NA,DNC members,1
NA,DNC member,DC,Calla R. Brown,NA,D,NA,NA,DNC members,1
NA,DNC member,DC,Roxanne D. Brown,NA,D,NA,NA,DNC members,1
NA,DNC member,DC,James Joseph Boland,NA,D,NA,NA,DNC members,1
NA,DNC member,DA,Orlando E. Vidal,NA,D,NA,NA,DNC members,1
NA,DNC member,DA,Kenneth E. Sherman,NA,D,NA,NA,DNC members,1
NA,DNC member,DA,Alex Montgomery,NA,D,NA,NA,DNC members,1
NA,DNC member,DA,Martha McDevitt-Pugh,NA,D,NA,NA,DNC members,1
NA,DNC member,DA,Adrianne R. George,NA,D,NA,NA,DNC members,1
NA,DNC member,DA,John A. Eastwood,NA,D,NA,NA,DNC members,1
NA,DNC member,DA,Julia Bryan,NA,D,NA,NA,DNC members,1
NA,DNC member,DA,Connie Borde,NA,D,NA,NA,DNC members,1
NA,DNC member,DE,Erik Raser-Schramm,NA,D,NA,NA,DNC members,1
NA,DNC member,DE,Elizabeth D. Maron,NA,D,NA,NA,DNC members,1
NA,DNC member,DE,Valerie Longhurst,NA,D,NA,NA,DNC members,1
NA,DNC member,DE,Kerri Evelyn Harris,NA,D,NA,NA,DNC members,1
NA,DNC member,DE,Sean Finnigan,NA,D,NA,NA,DNC members,1
NA,DNC member,CT,Nancy Wyman,NA,D,NA,NA,DNC members,1
NA,DNC member,CT,Erick Russell,NA,D,NA,NA,DNC members,1
NA,DNC member,CT,John W. Olsen,NA,D,NA,NA,DNC members,1
NA,DNC member,CT,Nancy DiNardo,NA,D,NA,NA,DNC members,1
NA,DNC member,CO,Michael F. Hamrick,NA,D,NA,NA,DNC members,1
NA,DNC member,CO,Howard Chou,NA,D,NA,NA,DNC members,1
NA,DNC member,CO,Morgan Carroll,NA,D,NA,NA,DNC members,1
NA,DNC member,CA,Laurence S. Zakson,NA,D,NA,NA,DNC members,1
NA,DNC member,CA,Rosalind Wyman,NA,D,NA,NA,DNC members,1
NA,DNC member,CA,Amy Elaine Wakeland,NA,D,NA,NA,DNC members,1
NA,DNC member,CA,Keith Umemoto,NA,D,NA,NA,DNC members,1
NA,DNC member,CA,Garry S. Shay,NA,D,NA,NA,DNC members,1
NA,DNC member,CA,Rion J. Ramirez,NA,D,NA,NA,DNC members,1
NA,DNC member,CA,Melahat Rafiei,NA,D,NA,NA,DNC members,1
NA,DNC member,CA,John A. Perez,NA,D,NA,NA,DNC members,1
NA,DNC member,CA,Christine Pelosi,NA,D,NA,NA,DNC members,1
NA,DNC member,CA,Sandra M. Lowe,NA,D,NA,NA,DNC members,1
NA,DNC member,CA,Otto O. Lee,NA,D,NA,NA,DNC members,1
NA,DNC member,CA,Andrew Lachman,NA,D,NA,NA,DNC members,1
NA,DNC member,CA,Michael Kapp,NA,D,NA,NA,DNC members,1
NA,DNC member,CA,Lorna M. Johnson,NA,D,NA,NA,DNC members,1
NA,DNC member,CA,Aleita J. Huguenin,NA,D,NA,NA,DNC members,1
NA,DNC member,CA,Alice A. Huffman,NA,D,NA,NA,DNC members,1
NA,DNC member,CA,Rusty Hicks,NA,D,NA,NA,DNC members,1
NA,DNC member,CA,Ron Galperin,NA,D,NA,NA,DNC members,1
NA,DNC member,CA,Maria Echaveste,NA,D,NA,NA,DNC members,1
NA,DNC member,CA,Mary Ellen Early,NA,D,NA,NA,DNC members,1
NA,DNC member,CA,Jesse L. Durfee,NA,D,NA,NA,DNC members,1
NA,DNC member,CA,Becca Doten,NA,D,NA,NA,DNC members,1
NA,DNC member,CA,Steven K. Alari,NA,D,NA,NA,DNC members,1
NA,DNC member,AR,Kasey Summerville,NA,D,NA,NA,DNC members,1
NA,DNC member,AR,Lottie Shackelford,NA,D,NA,NA,DNC members,1
NA,DNC member,AR,Dustin McDaniel,NA,D,NA,NA,DNC members,1
NA,DNC member,AR,Nicole Hart,NA,D,NA,NA,DNC members,1
NA,DNC member,AR,Michael John Gray,NA,D,NA,NA,DNC members,1
NA,DNC member,AZ,Sierra Yamanaka,NA,D,NA,NA,DNC members,1
NA,DNC member,AZ,Felecia Rotellini,NA,D,NA,NA,DNC members,1
NA,DNC member,AZ,Ellie Perez,NA,D,NA,NA,DNC members,1
NA,DNC member,AZ,Luis Alberto Heredia,NA,D,NA,NA,DNC members,1
NA,DNC member,AZ,Adrian Fontes,NA,D,NA,NA,DNC members,1
NA,DNC member,AZ,William Patrick Burns,NA,D,NA,NA,DNC members,1
NA,DNC member,AZ,Douglas Ballard,NA,D,NA,NA,DNC members,1
NA,DNC member,AS,Minnie Tuia,NA,D,NA,NA,DNC members,1
NA,DNC member,AS,Aliitama Soto'a,NA,D,NA,NA,DNC members,1
NA,DNC member,AS,Petti Matila,NA,D,NA,NA,DNC members,1
NA,DNC member,AS,Fagafaga D. Langkilde,NA,D,NA,NA,DNC members,1
NA,DNC member,AK,Edward Wesley,NA,D,NA,NA,DNC members,1
NA,DNC member,AK,Casey Steinau,NA,D,NA,NA,DNC members,1
NA,DNC member,AK,Sheila A. Selkregg,NA,D,NA,NA,DNC members,1
NA,DNC member,AK,Chuck Degnan,NA,D,NA,NA,DNC members,1
NA,DNC member,AL,Nancy L. Worley,NA,D,NA,NA,DNC members,1
NA,DNC member,AL,Charlie Lethate Staten,NA,D,NA,NA,DNC members,1
NA,DNC member,AL,Janet May,NA,D,NA,NA,DNC members,1
NA,DNC member,AL,Randy B. Kelley,NA,D,NA,NA,DNC members,1
NA,DNC member,AL,Unzell Kelley,NA,D,NA,NA,DNC members,1
NA,DNC member,AL,Clinton M. Daughtrey,NA,D,NA,NA,DNC members,1
NA,public auditor,GU,Benjamin Cruz,NA,D,NA,243,Statewide officeholders,2
NA,lieutenant governor,VI,Tregenza Roach,NA,D,NA,242,Statewide officeholders,2
NA,lieutenant governor,AS,Lemanu Palepoi S. Mauga,NA,D,NA,241,Statewide officeholders,2
NA,attorney general,MP,Edward Manibusan,NA,NA,NA,239,Statewide officeholders,2
NA,lieutenant governor,GU,Joshua Tenorio,NA,D,NA,238,Statewide officeholders,2
NA,attorney general,GU,Leevin T. Camacho,NA,NA,NA,237,Statewide officeholders,2
NA,superintendent of public instruction,WI,Carolyn Stanford Taylor,NA,D,NA,231,Statewide officeholders,2
NA,attorney general,WI,Josh Kaul,NA,D,NA,230,Statewide officeholders,2
NA,state treasurer,WI,Sarah Godlewski,NA,D,NA,229,Statewide officeholders,2
NA,secretary of state,WI,Doug La Follette,NA,D,NA,228,Statewide officeholders,2
NA,lieutenant governor,WI,Mandela Barnes,NA,D,NA,227,Statewide officeholders,2
NA,state treasurer,WV,John Perdue,NA,D,NA,224,Statewide officeholders,2
NA,superintendent of public instruction,WA,Chris Reykdal,NA,D,NA,221,Statewide officeholders,2
NA,commissioner of public lands,WA,Hilary Franz,NA,D,NA,220,Statewide officeholders,2
NA,insurance commissioner,WA,Mike Kreidler,NA,D,NA,219,Statewide officeholders,2
NA,state auditor,WA,Pat McCarthy,NA,D,NA,218,Statewide officeholders,2
NA,lieutenant governor,WA,Cyrus Habib,NA,D,NA,214,Statewide officeholders,2
NA,attorney general,VA,Mark Herring,NA,D,NA,213,Statewide officeholders,2
NA,lieutenant governor,VA,Justin Fairfax,NA,D,NA,212,Statewide officeholders,2
NA,secretary of state,VT,Jim Condos,NA,D,NA,208,Statewide officeholders,2
NA,general treasurer,RI,Seth Magaziner,NA,D,NA,184,Statewide officeholders,2
NA,attorney general,RI,Peter Neronha,NA,D,NA,183,Statewide officeholders,2
NA,secretary of state,RI,Nellie Gorbea,NA,D,NA,182,Statewide officeholders,2
NA,auditor general,PA,Eugene DePasquale,NA,D,NA,180,Statewide officeholders,2
NA,state treasurer,PA,Joe Torsella,NA,D,NA,179,Statewide officeholders,2
NA,attorney general,PA,Josh Shapiro,NA,D,NA,178,Statewide officeholders,2
NA,lieutenant governor,PA,John Fetterman,NA,D,NA,177,Statewide officeholders,2
NA,commissioner of labor and industries,OR,Val Hoyle,NA,D,NA,176,Statewide officeholders,2
NA,state treasurer,OR,Tobias Read,NA,D,NA,175,Statewide officeholders,2
NA,attorney general,OR,Ellen Rosenblum,NA,D,NA,174,Statewide officeholders,2
NA,state auditor,NC,Beth Wood,NA,D,NA,148,Statewide officeholders,2
NA,attorney general,NC,Josh Stein,NA,D,NA,146,Statewide officeholders,2
NA,secretary of state,NC,Elaine Marshall,NA,D,NA,145,Statewide officeholders,2
NA,state comptroller,NY,Thomas DiNapoli,NA,D,NA,143,Statewide officeholders,2
NA,attorney general,NY,Letitia James,NA,D,NA,142,Statewide officeholders,2
NA,lieutenant governor,NY,Kathy Hochul,NA,D,NA,141,Statewide officeholders,2
NA,commissioner of public lands,NM,Stephanie Garcia Richard,NA,D,NA,140,Statewide officeholders,2
NA,state auditor,NM,Brian Colón,NA,D,NA,139,Statewide officeholders,2
NA,state treasurer,NM,Tim Eichenberg,NA,D,NA,138,Statewide officeholders,2
NA,attorney general,NM,Hector Balderas,NA,D,NA,137,Statewide officeholders,2
NA,secretary of state,NM,Maggie Toulouse Oliver,NA,D,NA,136,Statewide officeholders,2
NA,lieutenant governor,NM,Howie Morales,NA,D,NA,135,Statewide officeholders,2
NA,state treasurer,NV,Zach Conine,NA,D,NA,132,Statewide officeholders,2
NA,attorney general,NV,Aaron Ford,NA,D,NA,131,Statewide officeholders,2
NA,lieutenant governor,NV,Kate Marshall,NA,D,NA,129,Statewide officeholders,2
NA,lieutenant governor,MT,Mike Cooney,NA,D,NA,119,Statewide officeholders,2
NA,state auditor,MO,Nicole Galloway,NA,D,NA,118,Statewide officeholders,2
NA,attorney general,MS,Jim Hood,NA,D,NA,109,Statewide officeholders,2
NA,secretary of state,MN,Steve Simon,NA,D,NA,104,Statewide officeholders,2
NA,attorney general,MI,Dana Nessel,NA,D,NA,102,Statewide officeholders,2
NA,secretary of state,MI,Jocelyn Benson,NA,D,NA,101,Statewide officeholders,2
NA,lieutenant governor,MI,Garlin Gilchrist,NA,D,NA,100,Statewide officeholders,2
NA,state auditor,MA,Suzanne Bump,NA,D,NA,99,Statewide officeholders,2
NA,state treasurer and receiver-general,MA,Deborah Goldberg,NA,D,NA,98,Statewide officeholders,2
NA,secretary of the commonwealth,MA,Bill Galvin,NA,D,NA,96,Statewide officeholders,2
NA,state comptroller,MD,Peter Franchot,NA,D,NA,94,Statewide officeholders,2
NA,attorney general,MD,Brian Frosh,NA,D,NA,93,Statewide officeholders,2
NA,lieutenant governor,KY,Jacqueline Coleman,NA,D,NA,80,Statewide officeholders,2
NA,lieutenant governor,KS,Lynn Rogers,NA,D,NA,75,Statewide officeholders,2
NA,state auditor,IA,Rob Sand,NA,D,NA,73,Statewide officeholders,2
NA,state comptroller,IL,Susana Mendoza,NA,D,NA,62,Statewide officeholders,2
NA,attorney general,IL,Kwame Raoul,NA,D,NA,60,Statewide officeholders,2
NA,secretary of state,IL,Jesse White,NA,D,NA,59,Statewide officeholders,2
NA,lieutenant governor,IL,Juliana Stratton,NA,D,NA,58,Statewide officeholders,2
NA,lieutenant governor,HI,Josh Green,NA,D,NA,51,Statewide officeholders,2
NA,commissioner of agriculture and consumer services,FL,Nikki Fried,NA,D,NA,43,Statewide officeholders,2
NA,commissioner of insurance,DE,Trinidad Navarro,NA,D,NA,39,Statewide officeholders,2
NA,auditor of accounts,DE,Kathleen McGuiness,NA,D,NA,38,Statewide officeholders,2
NA,state treasurer,DE,Colleen Davis,NA,D,NA,37,Statewide officeholders,2
NA,lieutenant governor,DE,Bethany Hall-Long,NA,D,NA,35,Statewide officeholders,2
NA,state comptroller,CT,Kevin Lembo,NA,D,NA,34,Statewide officeholders,2
NA,attorney general,CT,William Tong,NA,D,NA,33,Statewide officeholders,2
NA,state treasurer,CT,Shawn Wooden,NA,D,NA,32,Statewide officeholders,2
NA,lieutenant governor,CT,Susan Bysiewicz,NA,D,NA,30,Statewide officeholders,2
NA,state treasurer,CO,Dave Young,NA,D,NA,29,Statewide officeholders,2
NA,secretary of state,CO,Jena Griswold,NA,D,NA,27,Statewide officeholders,2
NA,lieutenant governor,CO,Dianne Primavera,NA,D,NA,26,Statewide officeholders,2
NA,state controller,CA,Betty Yee,NA,D,NA,23,Statewide officeholders,2
NA,attorney general,CA,Xavier Becerra,NA,D,NA,21,Statewide officeholders,2
NA,superintendent of public instruction,AZ,Kathy Hoffman,NA,D,NA,11,Statewide officeholders,2
NA,secretary of state,AZ,Katie Hobbs,NA,D,NA,8,Statewide officeholders,2
NA,minority leader,WY,Chris Rothfuss,NA,D,NA,NA,State legislative leaders,2
NA,minority leader,WY,Cathy Connolly,NA,D,NA,NA,State legislative leaders,2
NA,minority leader,WI,Jennifer Shilling,NA,D,NA,NA,State legislative leaders,2
NA,minority leader,WI,Gordon Hintz,NA,D,NA,NA,State legislative leaders,2
NA,minority leader,WV,Roman Prezioso,NA,D,NA,NA,State legislative leaders,2
NA,minority leader,WV,Tim Miley,NA,D,NA,NA,State legislative leaders,2
NA,president pro tem,WA,Karen Keiser,NA,D,NA,NA,State legislative leaders,2
NA,speaker,WA,Laurie Jinkins,NA,D,NA,NA,State legislative leaders,2
NA,majority leader,VA,Richard Saslaw,NA,D,NA,NA,State legislative leaders,2
NA,speaker,VA,Eileen Filler-Corn,NA,D,NA,NA,State legislative leaders,2
NA,president,VI,Novelle E. Francis,NA,D,NA,NA,State legislative leaders,2
NA,speaker,VT,Mitzi Johnson,NA,D,NA,NA,State legislative leaders,2
NA,minority leader,UT,Karen Mayne,NA,D,NA,NA,State legislative leaders,2
NA,minority leader,UT,Brian King,NA,D,NA,NA,State legislative leaders,2
NA,minority leader,TN,Karen Camper,NA,D,NA,NA,State legislative leaders,2
NA,minority leader,SD,Jamie Smith,NA,D,NA,NA,State legislative leaders,2
NA,minority leader,SD,Troy Heinert,NA,D,NA,NA,State legislative leaders,2
NA,minority leader,SC,Nikki Setzler,NA,D,NA,NA,State legislative leaders,2
NA,minority leader,SC,J. Todd Rutherford,NA,D,NA,NA,State legislative leaders,2
NA,president,RI,Dominick Ruggerio,NA,D,NA,NA,State legislative leaders,2
NA,speaker,RI,Nicholas Mattiello,NA,D,NA,NA,State legislative leaders,2
NA,president,PR,Thomas Rivera Schatz,NA,NPP,NA,NA,State legislative leaders,2
NA,speaker,PR,Carlos Johnny Méndez,NA,NPP,NA,NA,State legislative leaders,2
NA,minority leader,PA,Frank Dermody,NA,D,NA,NA,State legislative leaders,2
NA,minority leader,PA,Jay Costa,NA,D,NA,NA,State legislative leaders,2
NA,speaker,OR,Tina Kotek,NA,D,NA,NA,State legislative leaders,2
NA,president,OR,Peter Courtney,NA,D,NA,NA,State legislative leaders,2
NA,minority leader,OK,Emily Virgin,NA,D,NA,NA,State legislative leaders,2
NA,minority leader,OK,Kay Floyd,NA,D,NA,NA,State legislative leaders,2
NA,minority leader,OH,Kenny Yuko,NA,D,NA,NA,State legislative leaders,2
NA,minority leader,OH,Emilia Sykes,NA,D,NA,NA,State legislative leaders,2
NA,minority leader,ND,Joan Heckaman,NA,D,NA,NA,State legislative leaders,2
NA,minority leader,NC,Darren Jackson,NA,D,NA,NA,State legislative leaders,2
NA,minority leader,NC,Dan Blue,NA,D,NA,NA,State legislative leaders,2
NA,president,NY,Andrea Stewart-Cousins,NA,D,NA,NA,State legislative leaders,2
NA,speaker,NY,Carl Heastie,NA,D,NA,NA,State legislative leaders,2
NA,president pro tem,NM,Mary Kay Papen,NA,D,NA,NA,State legislative leaders,2
NA,speaker,NM,Brian Egolf,NA,D,NA,NA,State legislative leaders,2
NA,president,NH,Donna Soucy,NA,D,NA,NA,State legislative leaders,2
NA,speaker,NV,Jason Frierson,NA,D,NA,NA,State legislative leaders,2
NA,president pro tem,NV,Mo Denis,NA,D,NA,NA,State legislative leaders,2
NA,Executive Board chairman,NE,Tony Vargas,NA,D,NA,NA,State legislative leaders,2
NA,Executive Board member,NE,Kate Bolz,NA,D,NA,NA,State legislative leaders,2
NA,minority leader,MT,Jon Sesso,NA,D,NA,NA,State legislative leaders,2
NA,minority leader,MT,Casey Schreiner,NA,D,NA,NA,State legislative leaders,2
NA,minority leader,MO,Gina Walsh,NA,D,NA,NA,State legislative leaders,2
NA,minority leader,MO,Crystal Quade,NA,D,NA,NA,State legislative leaders,2
NA,minority leader,MS,David Baria,NA,D,NA,NA,State legislative leaders,2
NA,minority leader,MI,Christine Greig,NA,D,NA,NA,State legislative leaders,2
NA,minority leader,MI,Jim Ananich,NA,D,NA,NA,State legislative leaders,2
NA,speaker,MA,Robert DeLeo,NA,D,NA,NA,State legislative leaders,2
NA,speaker,MD,Adrienne Jones,NA,D,NA,NA,State legislative leaders,2
NA,president,MD,Bill Ferguson,NA,D,NA,NA,State legislative leaders,2
NA,speaker,ME,Sara Gideon,NA,D,NA,NA,State legislative leaders,2
NA,speaker pro tem,LA,Walt Leger III,NA,D,NA,NA,State legislative leaders,2
NA,Democratic caucus chairman,LA,Troy Carter Sr.,NA,D,NA,NA,State legislative leaders,2
NA,minority floor leader,KY,Morgan McGarvey,NA,D,NA,NA,State legislative leaders,2
NA,minority floor leader,KY,Joni Jenkins,NA,D,NA,NA,State legislative leaders,2
NA,minority leader,KS,Tom Sawyer,NA,D,NA,NA,State legislative leaders,2
NA,minority leader,KS,Anthony Hensley,NA,D,NA,NA,State legislative leaders,2
NA,minority leader,IA,Todd Prichard,NA,D,NA,NA,State legislative leaders,2
NA,minority leader,IA,Janet Petersen,NA,D,NA,NA,State legislative leaders,2
NA,minority leader,IN,Tim Lanane,NA,D,NA,NA,State legislative leaders,2
NA,minority leader,IN,Phil Giaquinta,NA,D,NA,NA,State legislative leaders,2
NA,speaker,IL,Michael Madigan,NA,D,NA,NA,State legislative leaders,2
NA,president,IL,John Cullerton,NA,D,NA,NA,State legislative leaders,2
NA,minority leader,ID,Michelle Stennett,NA,D,NA,NA,State legislative leaders,2
NA,minority leader,ID,Ilana Rubel,NA,D,NA,NA,State legislative leaders,2
NA,speaker,HI,Scott Saiki,NA,D,NA,NA,State legislative leaders,2
NA,president,HI,Ron Kouchi,NA,D,NA,NA,State legislative leaders,2
NA,speaker,GU,Tina Muña Barnes,NA,D,NA,NA,State legislative leaders,2
NA,minority leader,GA,Steve Henson,NA,D,NA,NA,State legislative leaders,2
NA,minority leader,FL,Kionne McGhee,NA,D,NA,NA,State legislative leaders,2
NA,chairman,DC,Phil Mendelson,NA,D,NA,NA,State legislative leaders,2
NA,speaker,DE,Peter Schwartzkopf,NA,D,NA,NA,State legislative leaders,2
NA,president pro tem,DE,David McBride,NA,D,NA,NA,State legislative leaders,2
NA,president pro tem,CT,Martin Looney,NA,D,NA,NA,State legislative leaders,2
NA,speaker,CT,Joe Aresimowicz,NA,D,NA,NA,State legislative leaders,2
NA,president,CO,Leroy Garcia,NA,D,NA,NA,State legislative leaders,2
NA,speaker,CO,KC Becker,NA,D,NA,NA,State legislative leaders,2
NA,minority leader,AR,Fredrick Love,NA,D,NA,NA,State legislative leaders,2
NA,minority leader,AR,Keith Ingram,NA,D,NA,NA,State legislative leaders,2
NA,minority leader,AZ,Charlene Fernandez,NA,D,NA,NA,State legislative leaders,2
NA,minority leader,AZ,David Bradley,NA,D,NA,NA,State legislative leaders,2
NA,president,AS,Gaoteote P. Tofau,NA,NA,NA,NA,State legislative leaders,2
NA,speaker,AK,Bryce Edgmon,NA,I,NA,NA,State legislative leaders,2
NA,minority leader,AK,Tom Begich,NA,D,NA,NA,State legislative leaders,2
NA,minority leader,AL,Bobby Singleton,NA,D,NA,NA,State legislative leaders,2
NA,minority leader,AL,Anthony Daniels,NA,D,NA,NA,State legislative leaders,2
NA,representative,WI,Gwen Moore,NA,D,NA,NA,Representatives,3
NA,representative,WI,Ron Kind,NA,D,NA,NA,Representatives,3
NA,representative,WI,Mark Pocan,NA,D,NA,NA,Representatives,3
NA,representative,WA,Denny Heck,NA,D,NA,NA,Representatives,3
NA,representative,WA,Adam Smith,NA,D,NA,NA,Representatives,3
NA,representative,WA,Pramila Jayapal,NA,D,NA,NA,Representatives,3
NA,representative,WA,Suzan DelBene,NA,D,NA,NA,Representatives,3
NA,representative,VA,Gerald E. Connolly,NA,D,NA,NA,Representatives,3
NA,representative,VA,Jennifer Wexton,NA,D,NA,NA,Representatives,3
NA,representative,VA,Abigail Spanberger,NA,D,NA,NA,Representatives,3
NA,representative,VA,Robert C. Scott,NA,D,NA,NA,Representatives,3
NA,representative,UT,Ben McAdams,NA,D,NA,NA,Representatives,3
NA,representative,TX,Lloyd Doggett,NA,D,NA,NA,Representatives,3
NA,representative,TX,Sylvia R. Garcia,NA,D,NA,NA,Representatives,3
NA,representative,TX,Henry Cuellar,NA,D,NA,NA,Representatives,3
NA,representative,TX,Sheila Jackson Lee,NA,D,NA,NA,Representatives,3
NA,representative,TX,Lizzie Pannill Fletcher,NA,D,NA,NA,Representatives,3
NA,representative,TN,Steve Cohen,NA,D,NA,NA,Representatives,3
NA,representative,TN,Jim Cooper,NA,D,NA,NA,Representatives,3
NA,representative,SC,Joe Cunningham,NA,D,NA,NA,Representatives,3
NA,representative,RI,Jim Langevin,NA,D,NA,NA,Representatives,3
NA,representative,RI,David Cicilline,NA,D,NA,NA,Representatives,3
NA,representative,PA,Mike Doyle,NA,D,NA,NA,Representatives,3
NA,representative,PA,Susan Wild,NA,D,NA,NA,Representatives,3
NA,representative,PA,Mary Gay Scanlon,NA,D,NA,NA,Representatives,3
NA,representative,PA,Madeleine Dean,NA,D,NA,NA,Representatives,3
NA,representative,OR,Peter DeFazio,NA,D,NA,NA,Representatives,3
NA,representative,OR,Earl Blumenauer,NA,D,NA,NA,Representatives,3
NA,representative,OR,Suzanne Bonamici,NA,D,NA,NA,Representatives,3
NA,representative,OK,Kendra Horn,NA,D,NA,NA,Representatives,3
NA,representative,OH,Marcy Kaptur,NA,D,NA,NA,Representatives,3
NA,representative,OH,Joyce Beatty,NA,D,NA,NA,Representatives,3
NA,delegate,MP,Gregorio Kilili Camacho Sablan,NA,D,NA,NA,Representatives,3
NA,representative,NC,Alma Adams,NA,D,NA,NA,Representatives,3
NA,representative,NC,David Price,NA,D,NA,NA,Representatives,3
NA,representative,NY,Brian Higgins,NA,D,NA,NA,Representatives,3
NA,representative,NY,Joseph D. Morelle,NA,D,NA,NA,Representatives,3
NA,representative,NY,Anthony Brindisi,NA,D,NA,NA,Representatives,3
NA,representative,NY,Paul D. Tonko,NA,D,NA,NA,Representatives,3
NA,representative,NY,Antonio Delgado,NA,D,NA,NA,Representatives,3
NA,representative,NY,Nita Lowey,NA,D,NA,NA,Representatives,3
NA,representative,NY,Eliot Engel,NA,D,NA,NA,Representatives,3
NA,representative,NY,José E. Serrano,NA,D,NA,NA,Representatives,3
NA,representative,NY,Adriano Espaillat,NA,D,NA,NA,Representatives,3
NA,representative,NY,Jerrold Nadler,NA,D,NA,NA,Representatives,3
NA,representative,NY,Yvette D. Clarke,NA,D,NA,NA,Representatives,3
NA,representative,NY,Hakeem Jeffries,NA,D,NA,NA,Representatives,3
NA,representative,NY,Nydia M. Velázquez,NA,D,NA,NA,Representatives,3
NA,representative,NY,Grace Meng,NA,D,NA,NA,Representatives,3
NA,representative,NY,Gregory W. Meeks,NA,D,NA,NA,Representatives,3
NA,representative,NM,Ben R. Lujan,NA,D,NA,NA,Representatives,3
NA,representative,NM,Xochitl Torres Small,NA,D,NA,NA,Representatives,3
NA,representative,NH,Ann Kuster,NA,D,NA,NA,Representatives,3
NA,representative,NH,Chris Pappas,NA,D,NA,NA,Representatives,3
NA,representative,NV,Steven A. Horsford,NA,D,NA,NA,Representatives,3
NA,representative,NV,Susie Lee,NA,D,NA,NA,Representatives,3
NA,representative,MS,Bennie G. Thompson,NA,D,NA,NA,Representatives,3
NA,representative,MI,Debbie Dingell,NA,D,NA,NA,Representatives,3
NA,representative,MI,Haley Stevens,NA,D,NA,NA,Representatives,3
NA,representative,MI,Elissa Slotkin,NA,D,NA,NA,Representatives,3
NA,representative,MI,Daniel Kildee,NA,D,NA,NA,Representatives,3
NA,representative,MI,Justin Amash,NA,I,NA,NA,Representatives,3
NA,representative,MA,William Keating,NA,D,NA,NA,Representatives,3
NA,representative,MA,Seth Moulton,NA,D,NA,NA,Representatives,3
NA,representative,MA,Richard E. Neal,NA,D,NA,NA,Representatives,3
NA,representative,MD,John P. Sarbanes,NA,D,NA,NA,Representatives,3
NA,representative,MD,C. A. Dutch Ruppersberger,NA,D,NA,NA,Representatives,3
NA,representative,ME,Jared Golden,NA,D,NA,NA,Representatives,3
NA,representative,ME,Chellie Pingree,NA,D,NA,NA,Representatives,3
NA,representative,KY,John A. Yarmuth,NA,D,NA,NA,Representatives,3
NA,representative,KS,Sharice Davids,NA,D,NA,NA,Representatives,3
NA,representative,IA,Cindy Axne,NA,D,NA,NA,Representatives,3
NA,representative,IN,André Carson,NA,D,NA,NA,Representatives,3
NA,representative,IL,Cheri Bustos,NA,D,NA,NA,Representatives,3
NA,representative,IL,Lauren Underwood,NA,D,NA,NA,Representatives,3
NA,representative,IL,Bill Foster,NA,D,NA,NA,Representatives,3
NA,representative,IL,Bradley Schneider,NA,D,NA,NA,Representatives,3
NA,representative,IL,Raja Krishnamoorthi,NA,D,NA,NA,Representatives,3
NA,representative,IL,Sean Casten,NA,D,NA,NA,Representatives,3
NA,representative,IL,Mike Quigley,NA,D,NA,NA,Representatives,3
NA,representative,IL,"Jesus ""Chuy"" Garcia",NA,D,NA,NA,Representatives,3
NA,representative,IL,Daniel Lipinski,NA,D,NA,NA,Representatives,3
NA,representative,IL,Robin Kelly,NA,D,NA,NA,Representatives,3
NA,representative,HI,Ed Case,NA,D,NA,NA,Representatives,3
NA,delegate,GU,Michael San Nicolas,NA,D,NA,NA,Representatives,3
NA,representative,GA,David Scott,NA,D,NA,NA,Representatives,3
NA,representative,GA,Lucy McBath,NA,D,NA,NA,Representatives,3
NA,representative,GA,John Lewis,NA,D,NA,NA,Representatives,3
NA,representative,GA,Hank Johnson,NA,D,NA,NA,Representatives,3
NA,representative,GA,Sanford D. Bishop Jr.,NA,D,NA,NA,Representatives,3
NA,representative,FL,Donna Shalala,NA,D,NA,NA,Representatives,3
NA,representative,FL,Debbie Mucarsel-Powell,NA,D,NA,NA,Representatives,3
NA,representative,FL,Ted Deutch,NA,D,NA,NA,Representatives,3
NA,representative,FL,Lois Frankel,NA,D,NA,NA,Representatives,3
NA,representative,FL,Kathy Castor,NA,D,NA,NA,Representatives,3
NA,representative,FL,Val Demings,NA,D,NA,NA,Representatives,3
NA,representative,FL,Darren Soto,NA,D,NA,NA,Representatives,3
NA,delegate,DC,Eleanor Holmes Norton,NA,D,NA,NA,Representatives,3
NA,representative,CT,Jim Himes,NA,D,NA,NA,Representatives,3
NA,representative,CT,Rosa L. DeLauro,NA,D,NA,NA,Representatives,3
NA,representative,CT,Joe Courtney,NA,D,NA,NA,Representatives,3
NA,representative,CT,John B. Larson,NA,D,NA,NA,Representatives,3
NA,representative,CO,Ed Perlmutter,NA,D,NA,NA,Representatives,3
NA,representative,CO,Jason Crow,NA,D,NA,NA,Representatives,3
NA,representative,CO,Joe Neguse,NA,D,NA,NA,Representatives,3
NA,representative,CO,Diana DeGette,NA,D,NA,NA,Representatives,3
NA,representative,CA,Susan Davis,NA,D,NA,NA,Representatives,3
NA,representative,CA,Scott Peters,NA,D,NA,NA,Representatives,3
NA,representative,CA,Mike Levin,NA,D,NA,NA,Representatives,3
NA,representative,CA,Harley Rouda,NA,D,NA,NA,Representatives,3
NA,representative,CA,Alan Lowenthal,NA,D,NA,NA,Representatives,3
NA,representative,CA,Maxine Waters,NA,D,NA,NA,Representatives,3
NA,representative,CA,Mark Takano,NA,D,NA,NA,Representatives,3
NA,representative,CA,Gil Cisneros,NA,D,NA,NA,Representatives,3
NA,representative,CA,Linda Sánchez,NA,D,NA,NA,Representatives,3
NA,representative,CA,Karen Bass,NA,D,NA,NA,Representatives,3
NA,representative,CA,Raul Ruiz,NA,D,NA,NA,Representatives,3
NA,representative,CA,Norma Torres,NA,D,NA,NA,Representatives,3
NA,representative,CA,Jimmy Gomez,NA,D,NA,NA,Representatives,3
NA,representative,CA,Grace Napolitano,NA,D,NA,NA,Representatives,3
NA,representative,CA,Pete Aguilar,NA,D,NA,NA,Representatives,3
NA,representative,CA,Brad Sherman,NA,D,NA,NA,Representatives,3
NA,representative,CA,Adam Schiff,NA,D,NA,NA,Representatives,3
NA,representative,CA,Judy Chu,NA,D,NA,NA,Representatives,3
NA,representative,CA,TJ Cox,NA,D,NA,NA,Representatives,3
NA,representative,CA,Jimmy Panetta,NA,D,NA,NA,Representatives,3
NA,representative,CA,Zoe Lofgren,NA,D,NA,NA,Representatives,3
NA,representative,CA,Anna G. Eshoo,NA,D,NA,NA,Representatives,3
NA,representative,CA,Jackie Speier,NA,D,NA,NA,Representatives,3
NA,representative,CA,Mark DeSaulnier,NA,D,NA,NA,Representatives,3
NA,representative,CA,Josh Harder,NA,D,NA,NA,Representatives,3
NA,representative,CA,Jerry McNerney,NA,D,NA,NA,Representatives,3
NA,representative,CA,Doris O. Matsui,NA,D,NA,NA,Representatives,3
NA,representative,CA,Mike Thompson,NA,D,NA,NA,Representatives,3
NA,representative,CA,Jared Huffman,NA,D,NA,NA,Representatives,3
NA,representative,AZ,Greg Stanton,NA,D,NA,NA,Representatives,3
NA,representative,AZ,Ann Kirkpatrick,NA,D,NA,NA,Representatives,3
NA,representative,AZ,Tom O'Halleran,NA,D,NA,NA,Representatives,3
NA,representative,AL,Terri A. Sewell,NA,D,NA,NA,Representatives,3
NA,mayor,CA,Rusty Bailey,NA,NA,NA,63,Mayors,3
NA,mayor,PA,Bill Peduto,NA,D,NA,61,Mayors,3
NA,mayor,NV,Debra March,NA,D,NA,60,Mayors,3
NA,mayor,MO,Lyda Krewson,NA,D,NA,58,Mayors,3
NA,mayor,CA,Miguel A. Pulido,NA,D,NA,55,Mayors,3
NA,mayor,HI,Kirk Caldwell,NA,D,NA,53,Mayors,3
NA,mayor,FL,Jane Castor,NA,D,NA,50,Mayors,3
NA,mayor,OH,Frank G. Jackson,NA,D,NA,49,Mayors,3
NA,mayor,KS,Brandon Whipple,NA,D,NA,48,Mayors,3
NA,mayor,LA,LaToya Cantrell,NA,D,NA,47,Mayors,3
NA,mayor,NC,Mary-Ann Baldwin,NA,D,NA,39,Mayors,3
NA,mayor,MO,Quinton Lucas,NA,D,NA,35,Mayors,3
NA,mayor,AZ,Jonathan Rothschild,NA,D,NA,31,Mayors,3
NA,mayor,NM,Tim Keller,NA,D,NA,30,Mayors,3
NA,mayor,WI,Tom Barrett,NA,D,NA,29,Mayors,3
NA,mayor,MD,"Bernard C. ""Jack"" Young",NA,D,NA,28,Mayors,3
NA,mayor,NV,Carolyn Goodman,NA,NA,NA,26,Mayors,3
NA,mayor,OR,Ted Wheeler,NA,D,NA,24,Mayors,3
NA,mayor,TN,John Cooper,NA,D,NA,22,Mayors,3
NA,mayor,MA,Marty Walsh,NA,D,NA,19,Mayors,3
NA,mayor,WA,Jenny Durkan,NA,D,NA,17,Mayors,3
NA,mayor,NC,Vi Lyles,NA,D,NA,16,Mayors,3
NA,mayor,IN,Joe Hogsett,NA,D,NA,15,Mayors,3
NA,mayor,OH,Andrew Ginther,NA,D,NA,13,Mayors,3
NA,mayor,TX,Eric Johnson,NA,D,NA,8,Mayors,3
NA,mayor,AZ,Kate Gallego,NA,D,NA,4,Mayors,3
NA,mayor,TX,Sylvester Turner,NA,D,NA,3,Mayors,3
NA,mayor,IL,Lori Lightfoot,NA,D,NA,2,Mayors,3
NA,past vice-presidential nominee,CT,Joe Lieberman,NA,D,NA,6,Past nominees,5
NA,past vice-presidential nominee,NC,John Edwards,NA,D,NA,5,Past nominees,5
NA,past presidential nominee,NY,Hillary Clinton,NA,D,NA,1,Past nominees,5
NA,former DNC chair,VA,Terry McAuliffe,NA,D,NA,NA,Former party leaders,5
NA,former DNC chair,VT,Howard Dean,NA,D,NA,NA,Former party leaders,5
NA,former DNC chair,SC,Donald Fowler,NA,D,NA,NA,Former party leaders,5
NA,former DNC chair,OH,David Wilhelm,NA,D,NA,NA,Former party leaders,5
NA,former U.S. Senate majority leader,NY,George Mitchell,NA,D,NA,NA,Former party leaders,5
NA,former DNC chair,NM,Fred Harris,NA,D,NA,NA,Former party leaders,5
NA,former U.S. Senate majority leader,NV,Harry Reid,NA,D,NA,NA,Former party leaders,5
NA,former U.S. House majority leader,MO,Richard Gephardt,NA,D,NA,NA,Former party leaders,5
NA,former DNC chair,MA,Paul Kirk,NA,D,NA,NA,Former party leaders,5
NA,former DNC chair,MA,Debra DeLee,NA,D,NA,NA,Former party leaders,5
NA,former DNC chair,MD,Joe Andrew,NA,D,NA,NA,Former party leaders,5
NA,former DNC chair,FL,Debbie Wasserman Schultz,NA,D,NA,NA,Former party leaders,5
NA,former DNC chair,FL,Kenneth Curtis,NA,D,NA,NA,Former party leaders,5
NA,former DNC chair,DC,Donna Brazile,NA,D,NA,NA,Former party leaders,5
NA,former U.S. House Democratic whip,DE,Tony Coelho,NA,D,NA,NA,Former party leaders,5
NA,Former 2020 candidate,TX,Beto O'Rourke,NA,D,NA,NA,Candidates who have dropped out,5
NA,Former 2020 candidate,NY,Bill de Blasio,NA,D,NA,NA,Candidates who have dropped out,5
NA,Former 2020 candidate,CA,Marianne Williamson,NA,D,NA,NA,Candidates who have dropped out,5
NA,Former 2020 candidate,CA,Eric Swalwell,NA,D,NA,NA,Candidates who have dropped out,5
NA,senator,WI,Tammy Baldwin,NA,D,NA,NA,Senators,6
NA,senator,WV,Joe Manchin III,NA,D,NA,NA,Senators,6
NA,senator,WA,Patty Murray,NA,D,NA,NA,Senators,6
NA,senator,WA,Maria Cantwell,NA,D,NA,NA,Senators,6
NA,senator,VA,Mark R. Warner,NA,D,NA,NA,Senators,6
NA,senator,VA,Tim Kaine,NA,D,NA,NA,Senators,6
NA,senator,RI,Sheldon Whitehouse,NA,D,NA,NA,Senators,6
NA,senator,RI,Jack Reed,NA,D,NA,NA,Senators,6
NA,senator,OR,Ron Wyden,NA,D,NA,NA,Senators,6
NA,senator,OR,Jeff Merkley,NA,D,NA,NA,Senators,6
NA,senator,OH,Sherrod Brown,NA,D,NA,NA,Senators,6
NA,senator,NY,Kirsten Gillibrand,NA,D,NA,NA,Senators,6
NA,senator,NM,Tom Udall,NA,D,NA,NA,Senators,6
NA,senator,NM,Martin Heinrich,NA,D,NA,NA,Senators,6
NA,senator,NJ,Cory Booker,NA,D,NA,NA,Senators,6
NA,senator,NH,Jeanne Shaheen,NA,D,NA,NA,Senators,6
NA,senator,NH,Margaret Wood Hassan,NA,D,NA,NA,Senators,6
NA,senator,NV,Jacky Rosen,NA,D,NA,NA,Senators,6
NA,senator,NV,Catherine Cortez Masto,NA,D,NA,NA,Senators,6
NA,senator,MI,Debbie Stabenow,NA,D,NA,NA,Senators,6
NA,senator,MI,Gary C. Peters,NA,D,NA,NA,Senators,6
NA,senator,MD,Chris Van Hollen,NA,D,NA,NA,Senators,6
NA,senator,MD,Benjamin L. Cardin,NA,D,NA,NA,Senators,6
NA,senator,ME,Angus S. King Jr.,NA,I,NA,NA,Senators,6
NA,senator,IL,Tammy Duckworth,NA,D,NA,NA,Senators,6
NA,senator,HI,Brian Schatz,NA,D,NA,NA,Senators,6
NA,senator,HI,Mazie K. Hirono,NA,D,NA,NA,Senators,6
NA,senator,CT,Christopher Murphy,NA,D,NA,NA,Senators,6
NA,senator,CT,Richard Blumenthal,NA,D,NA,NA,Senators,6
NA,senator,CA,Kamala Harris,NA,D,NA,NA,Senators,6
NA,senator,AZ,Kyrsten Sinema,NA,D,NA,NA,Senators,6
NA,governor,WI,Tony Evers,NA,D,NA,NA,Governors,8
NA,governor,WA,Jay Inslee,NA,D,NA,NA,Governors,8
NA,governor,VA,Ralph Northam,NA,D,NA,NA,Governors,8
NA,governor,VI,Albert Bryan Jr,NA,D,NA,NA,Governors,8
NA,governor,RI,Gina Raimondo,NA,D,NA,NA,Governors,8
NA,governor,PR,Wanda Vázquez Garced,NA,NA,NA,NA,Governors,8
NA,governor,PA,Tom Wolf,NA,D,NA,NA,Governors,8
NA,governor,OR,Kate Brown,NA,D,NA,NA,Governors,8
NA,governor,NC,Roy Cooper,NA,D,NA,NA,Governors,8
NA,governor,NM,Michelle Lujan Grisham,NA,D,NA,NA,Governors,8
NA,governor,NV,Steve Sisolak,NA,D,NA,NA,Governors,8
NA,governor,MT,Steve Bullock,NA,D,NA,NA,Governors,8
NA,governor,MI,Gretchen Whitmer,NA,D,NA,NA,Governors,8
NA,governor,ME,Janet Mills,NA,D,NA,NA,Governors,8
NA,governor,LA,John Bel Edwards,NA,D,NA,NA,Governors,8
NA,governor,KY,Andy Beshear,NA,D,NA,NA,Governors,8
NA,governor,KS,Laura Kelly,NA,D,NA,NA,Governors,8
NA,governor,IL,JB Pritzker,NA,D,NA,NA,Governors,8
NA,governor,HI,David Ige,NA,D,NA,NA,Governors,8
NA,governor,GU,Lou Leon Guerrero,NA,D,NA,NA,Governors,8
NA,mayor,DC,Muriel Bowser,NA,D,NA,NA,Governors,8
NA,governor,CO,Jared Polis,NA,D,NA,NA,Governors,8
NA,governor,AS,Lolo Matalasi Moliga,NA,D,NA,NA,Governors,8
NA,past vice president,TN,Al Gore,NA,D,NA,NA,Past presidents and vice presidents,10
NA,past president,NY,Bill Clinton,NA,D,NA,NA,Past presidents and vice presidents,10
NA,past president,IL,Barack Obama,NA,D,NA,NA,Past presidents and vice presidents,10
NA,past president,GA,Jimmy Carter,NA,D,NA,NA,Past presidents and vice presidents,10
NA,U.S. House Democratic whip,SC,James E. Clyburn,NA,D,NA,NA,Current party leaders,10
NA,U.S. Senate minority leader,NY,Charles E. Schumer,NA,D,NA,NA,Current party leaders,10
NA,DNC chair,MD,Tom Perez,NA,D,NA,NA,Current party leaders,10
NA,U.S. House majority leader,MD,Steny Hoyer,NA,D,NA,NA,Current party leaders,10
NA,U.S. Senate Democratic whip,IL,Richard J. Durbin,NA,D,NA,NA,Current party leaders,10
NA,U.S. House speaker,CA,Nancy Pelosi,NA,D,NA,NA,Current party leaders,10
NA,DNC member,IA,Sandy Opstvedt,NA,D,NA,NA,DNC members,1
NA,DNC member,IA,Andrea Phillips,NA,D,NA,NA,DNC members,1
NA,DNC member,IA,Troy M. Price,NA,D,NA,NA,DNC members,1
NA,DNC member,KS,Vicki Hiatt,NA,D,NA,NA,DNC members,1
NA,DNC member,KS,Brandon Johnson,NA,D,NA,NA,DNC members,1
NA,DNC member,KS,Teresa Garcia Krusor,NA,D,NA,NA,DNC members,1
NA,DNC member,KS,Christopher T. Reeves,NA,D,NA,NA,DNC members,1
NA,DNC member,KY,Cassie Chambers Armstrong,NA,D,NA,NA,DNC members,1
NA,DNC member,KY,Susanna French,NA,D,NA,NA,DNC members,1
NA,DNC member,KY,Charlotte Lundergan,NA,D,NA,NA,DNC members,1
NA,DNC member,KY,Ben Self,NA,D,NA,NA,DNC members,1
NA,DNC member,KY,Nathan Gene Smith,NA,D,NA,NA,DNC members,1
NA,DNC member,LA,Deborah J. Langhoff,NA,D,NA,NA,DNC members,1
NA,DNC member,LA,Michael McHale,NA,D,NA,NA,DNC members,1
NA,DNC member,LA,Arthur Morrell,NA,D,NA,NA,DNC members,1
NA,DNC member,LA,Karen Carter Peterson,NA,D,NA,NA,DNC members,1
NA,DNC member,ME,Diane M. Denk,NA,D,NA,NA,DNC members,1
NA,DNC member,ME,Erik Gundersen,NA,D,NA,NA,DNC members,1
NA,DNC member,ME,Kathleen Marra,NA,D,NA,NA,DNC members,1
NA,DNC member,MD,Maria C. Cordone,NA,D,NA,NA,DNC members,1
NA,DNC member,MD,Tefere Gebre,NA,D,NA,NA,DNC members,1
NA,DNC member,MD,Bel W. Leong-Hong,NA,D,NA,NA,DNC members,1
NA,DNC member,MD,Yvette W. Lewis,NA,D,NA,NA,DNC members,1
NA,DNC member,MD,Robert Martinez Jr.,NA,D,NA,NA,DNC members,1
NA,DNC member,MD,Cory V. McCray,NA,D,NA,NA,DNC members,1
NA,DNC member,MD,Glenard S. Middleton,NA,D,NA,NA,DNC members,1
NA,DNC member,MD,Gregory Pecoraro,NA,D,NA,NA,DNC members,1
NA,DNC member,MD,Marc Perrone,NA,D,NA,NA,DNC members,1
NA,DNC member,MD,Kenneth Rigmaiden,NA,D,NA,NA,DNC members,1
NA,DNC member,MA,Gus Bickford,NA,D,NA,NA,DNC members,1
NA,DNC member,MA,Elaine C. Kamarck,NA,D,NA,NA,DNC members,1
NA,DNC member,MA,Debra Kozikowski,NA,D,NA,NA,DNC members,1
NA,DNC member,MA,David M. O'Brien,NA,D,NA,NA,DNC members,1
NA,DNC member,MA,Melvin Poindexter,NA,D,NA,NA,DNC members,1
NA,DNC member,MA,James Roosevelt Jr.,NA,D,NA,NA,DNC members,1
NA,DNC member,MA,Susan Thomson,NA,D,NA,NA,DNC members,1
NA,DNC member,MI,Lavora R. Barnes,NA,D,NA,NA,DNC members,1
NA,DNC member,MI,Scott Benson,NA,D,NA,NA,DNC members,1
NA,DNC member,MI,Shauna Ryder Diggs,NA,D,NA,NA,DNC members,1
NA,DNC member,MI,Cindy Estrada,NA,D,NA,NA,DNC members,1
NA,DNC member,MI,Paula Herbart,NA,D,NA,NA,DNC members,1
NA,DNC member,MI,Daryl Newman,NA,D,NA,NA,DNC members,1
NA,DNC member,MI,Virgie M. Rollins,NA,D,NA,NA,DNC members,1
NA,DNC member,MI,Alexis Wiley,NA,D,NA,NA,DNC members,1
NA,DNC member,MN,J.P. Barone,NA,D,NA,NA,DNC members,1
NA,DNC member,MN,Debbie Goettel,NA,D,NA,NA,DNC members,1
NA,DNC member,MN,Ron Harris,NA,D,NA,NA,DNC members,1
NA,DNC member,MN,Marge Hoffa,NA,D,NA,NA,DNC members,1
NA,DNC member,MN,Ken Martin,NA,D,NA,NA,DNC members,1
NA,DNC member,MN,Lori A. Sellner,NA,D,NA,NA,DNC members,1
NA,DNC member,MN,Elly Zaragoza,NA,D,NA,NA,DNC members,1
NA,DNC member,MS,Will Colom,NA,D,NA,NA,DNC members,1
NA,DNC member,MS,Rae Shawn Davis,NA,D,NA,NA,DNC members,1
NA,DNC member,MS,Bobby Moak,NA,D,NA,NA,DNC members,1
NA,DNC member,MS,Vicki R. Slater,NA,D,NA,NA,DNC members,1
NA,DNC member,MO,Winston Apple,NA,D,NA,NA,DNC members,1
NA,DNC member,MO,Jean Peters Baker,NA,D,NA,NA,DNC members,1
NA,DNC member,MO,Persephone Dakopolos,NA,D,NA,NA,DNC members,1
NA,DNC member,MO,Clem Smith,NA,D,NA,NA,DNC members,1
NA,DNC member,MO,Ethan Smith,NA,D,NA,NA,DNC members,1
NA,DNC member,MO,Brian Wahby,NA,D,NA,NA,DNC members,1
NA,DNC member,MT,Bryce Bennett,NA,D,NA,NA,DNC members,1
NA,DNC member,MT,Jean Lemire Dahlman,NA,D,NA,NA,DNC members,1
NA,DNC member,MT,Jorge Quintana,NA,D,NA,NA,DNC members,1
NA,DNC member,MT,Mary Sexton,NA,D,NA,NA,DNC members,1
NA,DNC member,NE,Ron Kaminski,NA,D,NA,NA,DNC members,1
NA,DNC member,NE,Jane Erin Fleming Kleeb,NA,D,NA,NA,DNC members,1
NA,DNC member,NE,Frank D. LaMere,NA,D,NA,NA,DNC members,1
NA,DNC member,NE,Patricia A. Zieg,NA,D,NA,NA,DNC members,1
NA,DNC member,NV,Artie Blanco,NA,D,NA,NA,DNC members,1
NA,DNC member,NV,William McCurdy II,NA,D,NA,NA,DNC members,1
NA,DNC member,NV,Marty McGarry,NA,D,NA,NA,DNC members,1
NA,DNC member,NH,Raymond C. Buckley II,NA,D,NA,NA,DNC members,1
NA,DNC member,NH,William H. Shaheen,NA,D,NA,NA,DNC members,1
NA,DNC member,NH,Kathleen Sullivan,NA,D,NA,NA,DNC members,1
NA,DNC member,NJ,Tonio Burgos,NA,D,NA,NA,DNC members,1
NA,DNC member,NJ,Marcia Marley,NA,D,NA,NA,DNC members,1
NA,DNC member,NJ,Marguerite M. Schaffer,NA,D,NA,NA,DNC members,1
NA,DNC member,NM,Marg Elliston,NA,D,NA,NA,DNC members,1
NA,DNC member,NM,Joni Marie Gutierrez,NA,D,NA,NA,DNC members,1
NA,DNC member,NM,Marcus Porter,NA,D,NA,NA,DNC members,1
NA,DNC member,NM,Raymond Sanchez,NA,D,NA,NA,DNC members,1
NA,DNC member,NY,Stuart H. Appelbaum,NA,D,NA,NA,DNC members,1
NA,DNC member,NY,Maria Cuomo Cole,NA,D,NA,NA,DNC members,1
NA,DNC member,NY,Vivian Cook,NA,D,NA,NA,DNC members,1
NA,DNC member,NY,Jennifer Cunningham,NA,D,NA,NA,DNC members,1
NA,DNC member,NY,Hazel Duke,NA,D,NA,NA,DNC members,1
NA,DNC member,NY,Emily Giske,NA,D,NA,NA,DNC members,1
NA,DNC member,NY,Jay S. Jacobs,NA,D,NA,NA,DNC members,1
NA,DNC member,NY,Charlie King,NA,D,NA,NA,DNC members,1
NA,DNC member,NY,Christopher Lowe,NA,D,NA,NA,DNC members,1
NA,DNC member,NY,Ai-Jen Poo,NA,D,NA,NA,DNC members,1
NA,DNC member,IA,Scott M. Brennan,NA,D,NA,NA,DNC members,1
NA,DNC member,NY,Michael Reich,NA,D,NA,NA,DNC members,1
NA,DNC member,NY,Gerard J. Sweeney,NA,D,NA,NA,DNC members,1
NA,DNC member,NY,Randi Weingarten,NA,D,NA,NA,DNC members,1
NA,DNC member,NY,Robert Zimmerman,NA,D,NA,NA,DNC members,1
NA,DNC member,NC,Denise D. Adams,NA,D,NA,NA,DNC members,1
NA,DNC member,NC,Wayne Goodwin,NA,D,NA,NA,DNC members,1
NA,DNC member,NC,Shelia A. Huggins,NA,D,NA,NA,DNC members,1
NA,DNC member,NC,Ray McKinnon,NA,D,NA,NA,DNC members,1
NA,DNC member,NC,Cliff Moone,NA,D,NA,NA,DNC members,1
NA,DNC member,NC,Bobbie Richardson,NA,D,NA,NA,DNC members,1
NA,DNC member,NC,John R. Verdejo,NA,D,NA,NA,DNC members,1
NA,DNC member,ND,Ondine E. Baird,NA,D,NA,NA,DNC members,1
NA,DNC member,ND,Patrick M. Hart,NA,D,NA,NA,DNC members,1
NA,DNC member,ND,Kylie Oversen,NA,D,NA,NA,DNC members,1
NA,DNC member,MP,Nola K. Hix,NA,D,NA,NA,DNC members,1
NA,DNC member,MP,Daniel O. Quitugua,NA,D,NA,NA,DNC members,1
NA,DNC member,MP,Michael A. White,NA,D,NA,NA,DNC members,1
NA,DNC member,OH,Tim Burga,NA,D,NA,NA,DNC members,1
NA,DNC member,OH,Isabel Framer,NA,D,NA,NA,DNC members,1
NA,DNC member,OH,Rebecca L. Higgins,NA,D,NA,NA,DNC members,1
NA,DNC member,OH,Mark Mallory,NA,D,NA,NA,DNC members,1
NA,DNC member,OH,Ronald L. Malone,NA,D,NA,NA,DNC members,1
NA,DNC member,OH,Valarie J. McCall,NA,D,NA,NA,DNC members,1
NA,DNC member,OH,Rhine McLin,NA,D,NA,NA,DNC members,1
NA,DNC member,OH,David A. Pepper,NA,D,NA,NA,DNC members,1
NA,DNC member,OH,Joe Rugola,NA,D,NA,NA,DNC members,1
NA,DNC member,OK,Brian Jones,NA,D,NA,NA,DNC members,1
NA,DNC member,OK,Anna Langthorn,NA,D,NA,NA,DNC members,1
NA,DNC member,OK,Betty McElderry,NA,D,NA,NA,DNC members,1
NA,DNC member,OK,David L. Walters,NA,D,NA,NA,DNC members,1
NA,DNC member,OR,"Carla ""KC"" Hanson",NA,D,NA,NA,DNC members,1
NA,DNC member,OR,Matt K. Keating,NA,D,NA,NA,DNC members,1
NA,DNC member,OR,Peter B. Lee,NA,D,NA,NA,DNC members,1
NA,DNC member,OR,Travis Nelson,NA,D,NA,NA,DNC members,1
NA,DNC member,OR,Tanya Shively,NA,D,NA,NA,DNC members,1
NA,DNC member,PA,Rick Bloomingdale,NA,D,NA,NA,DNC members,1
NA,DNC member,PA,Ronald Donatucci,NA,D,NA,NA,DNC members,1
NA,DNC member,PA,Peggy Grove,NA,D,NA,NA,DNC members,1
NA,DNC member,PA,Murat Guzel,NA,D,NA,NA,DNC members,1
NA,DNC member,PA,Gerald Lawrence,NA,D,NA,NA,DNC members,1
NA,DNC member,PA,Nancy Patton Mills,NA,D,NA,NA,DNC members,1
NA,DNC member,PA,Ian Murray,NA,D,NA,NA,DNC members,1
NA,DNC member,PA,Evie Rafalko-McNulty,NA,D,NA,NA,DNC members,1
NA,DNC member,PA,Sharif T. Street,NA,D,NA,NA,DNC members,1
NA,DNC member,PA,Marian B. Tasco,NA,D,NA,NA,DNC members,1
NA,DNC member,PA,Sylvia C. Wilson,NA,D,NA,NA,DNC members,1
NA,DNC member,PR,Luis D. Davila,NA,D,NA,NA,DNC members,1
NA,DNC member,PR,Andres Lopez,NA,D,NA,NA,DNC members,1
NA,DNC member,PR,Margarita Nolasco,NA,D,NA,NA,DNC members,1
NA,DNC member,PR,Manuel Ortiz,NA,D,NA,NA,DNC members,1
NA,DNC member,PR,Charles A. Rodriguez,NA,D,NA,NA,DNC members,1
NA,DNC member,PR,Johanne M. Velez,NA,D,NA,NA,DNC members,1
NA,DNC member,RI,Grace Diaz,NA,D,NA,NA,DNC members,1
NA,DNC member,RI,Edna O'Neill Mattson,NA,D,NA,NA,DNC members,1
NA,DNC member,RI,Joseph M. McNamara,NA,D,NA,NA,DNC members,1
NA,DNC member,RI,Joseph R. Paolino Jr.,NA,D,NA,NA,DNC members,1
NA,DNC member,SC,Gilda Cobb-Hunter,NA,D,NA,NA,DNC members,1
NA,DNC member,SC,Carol K. Fowler,NA,D,NA,NA,DNC members,1
NA,DNC member,SC,Jaime R. Harrison,NA,D,NA,NA,DNC members,1
NA,DNC member,SC,Lessie Price,NA,D,NA,NA,DNC members,1
NA,DNC member,SC,Travis Robertson Jr.,NA,D,NA,NA,DNC members,1
NA,DNC member,SD,Paula A. Hawks,NA,D,NA,NA,DNC members,1
NA,DNC member,SD,Deb J. Knecht,NA,D,NA,NA,DNC members,1
NA,DNC member,SD,Randy Seiler,NA,D,NA,NA,DNC members,1
NA,DNC member,SD,Bill E. Walsh,NA,D,NA,NA,DNC members,1
NA,DNC member,TN,Gale Jones Carson,NA,D,NA,NA,DNC members,1
NA,DNC member,TN,Will T. Cheek,NA,D,NA,NA,DNC members,1
NA,DNC member,TN,Robert H. Cowan,NA,D,NA,NA,DNC members,1
NA,DNC member,TN,Mary Mancini,NA,D,NA,NA,DNC members,1
NA,DNC member,TN,Marisa Richmond,NA,D,NA,NA,DNC members,1
NA,DNC member,TX,Yvonne Davis,NA,D,NA,NA,DNC members,1
NA,DNC member,TX,AJ Durrani,NA,D,NA,NA,DNC members,1
NA,DNC member,TX,Gilberto Hinojosa,NA,D,NA,NA,DNC members,1
NA,DNC member,TX,Kat Hoang,NA,D,NA,NA,DNC members,1
NA,DNC member,TX,Glen Maxey,NA,D,NA,NA,DNC members,1
NA,DNC member,TX,Lorraine C. Miller,NA,D,NA,NA,DNC members,1
NA,DNC member,TX,John B. Patrick,NA,D,NA,NA,DNC members,1
NA,DNC member,TX,Hasmit R. Popat,NA,D,NA,NA,DNC members,1
NA,DNC member,TX,Betty Z. Richie,NA,D,NA,NA,DNC members,1
NA,DNC member,TX,Dennis D. Speight,NA,D,NA,NA,DNC members,1
NA,DNC member,TX,Jere Talley,NA,D,NA,NA,DNC members,1
NA,DNC member,TX,Senfronia Thompson,NA,D,NA,NA,DNC members,1
NA,DNC member,TX,Royce B. West,NA,D,NA,NA,DNC members,1
NA,DNC member,UT,Marcus Stevenson,NA,D,NA,NA,DNC members,1
NA,DNC member,UT,Charles A. Stormont,NA,D,NA,NA,DNC members,1
NA,DNC member,UT,Daisy Thomas,NA,D,NA,NA,DNC members,1
NA,DNC member,UT,Jenny Wilson,NA,D,NA,NA,DNC members,1
NA,DNC member,VT,Terje Anderson,NA,D,NA,NA,DNC members,1
NA,DNC member,VT,Tim Jerman,NA,D,NA,NA,DNC members,1
NA,DNC member,VT,Tess Taylor,NA,D,NA,NA,DNC members,1
NA,DNC member,VI,Cecil R. Benjamin,NA,D,NA,NA,DNC members,1
NA,DNC member,VI,Carol M. Burke,NA,D,NA,NA,DNC members,1
NA,DNC member,VI,Carla Joseph,NA,D,NA,NA,DNC members,1
NA,DNC member,VI,Ernest Morris,NA,D,NA,NA,DNC members,1
NA,DNC member,VA,Yohannes Abraham,NA,D,NA,NA,DNC members,1
NA,DNC member,VA,Marc Broklawski,NA,D,NA,NA,DNC members,1
NA,DNC member,VA,Steven C. Cochran,NA,D,NA,NA,DNC members,1
NA,DNC member,VA,Doris Crouse-Mays,NA,D,NA,NA,DNC members,1
NA,DNC member,VA,Morgan W. Jameson,NA,D,NA,NA,DNC members,1
NA,DNC member,VA,Frank Leone,NA,D,NA,NA,DNC members,1
NA,DNC member,VA,Christopher P. Lu,NA,D,NA,NA,DNC members,1
NA,DNC member,VA,Jennifer L. McClellan,NA,D,NA,NA,DNC members,1
NA,DNC member,VA,Atima Omara,NA,D,NA,NA,DNC members,1
NA,DNC member,VA,Susan R. Swecker,NA,D,NA,NA,DNC members,1
NA,DNC member,VA,Yasmine P. Taeb,NA,D,NA,NA,DNC members,1
NA,DNC member,VA,Jeion A. Ward,NA,D,NA,NA,DNC members,1
NA,DNC member,WA,Ed S. Cote,NA,D,NA,NA,DNC members,1
NA,DNC member,WA,David Green,NA,D,NA,NA,DNC members,1
NA,DNC member,WA,Juanita G. Luiz,NA,D,NA,NA,DNC members,1
NA,DNC member,WA,Sharon Mast,NA,D,NA,NA,DNC members,1
NA,DNC member,WA,David T. McDonald,NA,D,NA,NA,DNC members,1
NA,DNC member,WA,Nancy E. Monacelli,NA,D,NA,NA,DNC members,1
NA,DNC member,WA,Candace Mumm,NA,D,NA,NA,DNC members,1
NA,DNC member,WA,Tina Podlodowski,NA,D,NA,NA,DNC members,1
NA,DNC member,WV,Belinda J. Biafore,NA,D,NA,NA,DNC members,1
NA,DNC member,WV,Elaine A. Harris,NA,D,NA,NA,DNC members,1
NA,DNC member,WV,William Laird,NA,D,NA,NA,DNC members,1
NA,DNC member,WV,Pat Maroney,NA,D,NA,NA,DNC members,1
NA,DNC member,WI,Janet T. Bewley,NA,D,NA,NA,DNC members,1
NA,DNC member,WI,Martha Marie Love,NA,D,NA,NA,DNC members,1
NA,DNC member,WI,Felesia Martin,NA,D,NA,NA,DNC members,1
NA,DNC member,WI,Mahlon Mitchell,NA,D,NA,NA,DNC members,1
NA,DNC member,WI,Andrew Werthmann,NA,D,NA,NA,DNC members,1
NA,DNC member,WI,Ben Wikler,NA,D,NA,NA,DNC members,1
NA,DNC member,WY,Joseph M. Barbuto,NA,D,NA,NA,DNC members,1
NA,DNC member,WY,Jessica S. Chambers,NA,D,NA,NA,DNC members,1
NA,DNC member,WY,Lucas Fralick,NA,D,NA,NA,DNC members,1
NA,DNC member,WY,Erin O'Doherty,NA,D,NA,NA,DNC members,1
